Battery_ID,Cycle,Capacity,AvgVoltage,AvgCurrent,AvgTemp,SOH,Re,Rct,RUL
B0001,1,1.8808,3.5154,-1.8171,32.5985,100.48,0.04488,0.07027,177
B0001,2,1.8726,3.5205,-1.8076,32.4272,100.04,0.04286,0.06964,176
B0001,3,1.8708,3.5271,-1.8197,32.5909,99.95,0.04331,0.07139,175
B0001,4,1.8614,3.5256,-1.8122,32.3893,99.44,0.04385,0.06843,174
B0001,5,1.8722,3.5028,-1.8032,32.5962,100.02,0.04472,0.07138,173
B0001,6,1.8692,3.5285,-1.8031,32.7216,99.86,0.04242,0.07321,172
B0001,7,1.8493,3.5187,-1.8141,32.3796,98.79,0.04453,0.07115,171
B0001,8,1.8677,3.5116,-1.8042,32.5718,99.78,0.04203,0.0695,170
B0001,9,1.8629,3.5183,-1.8066,32.5551,99.52,0.04433,0.06943,169
B0001,10,1.8585,3.5389,-1.8153,32.5544,99.29,0.04182,0.07351,168
B0001,11,1.8632,3.5209,-1.8087,32.7883,99.54,0.04304,0.07183,167
B0001,12,1.8684,3.5433,-1.8024,32.8124,99.82,0.04273,0.07208,166
B0001,13,1.864,3.518,-1.8023,32.5313,99.58,0.04397,0.06891,165
B0001,14,1.8645,3.5214,-1.8093,32.6238,99.61,0.04417,0.07297,164
B0001,15,1.8649,3.51,-1.8088,32.6385,99.63,0.04549,0.07091,163
B0001,16,1.8554,3.5249,-1.8131,32.7841,99.12,0.04554,0.07032,162
B0001,17,1.8512,3.5136,-1.8184,32.7206,98.9,0.04684,0.07656,161
B0001,18,1.8569,3.5197,-1.817,32.7994,99.2,0.04537,0.0728,160
B0001,19,1.8449,3.5228,-1.8038,32.7062,98.56,0.04559,0.07086,159
B0001,20,1.8677,3.5277,-1.8061,32.4611,99.78,0.04579,0.07512,158
B0001,21,1.8605,3.5108,-1.8144,32.9136,99.39,0.04558,0.0755,157
B0001,22,1.8453,3.5339,-1.8126,33.2395,98.58,0.04653,0.07327,156
B0001,23,1.8455,3.509,-1.8196,32.7608,98.59,0.04383,0.07426,155
B0001,24,1.8512,3.5159,-1.8073,32.9812,98.9,0.04678,0.07612,154
B0001,25,1.8388,3.5161,-1.813,33.0111,98.24,0.04612,0.07627,153
B0001,26,1.8366,3.52,-1.8144,33.1023,98.11,0.04621,0.07156,152
B0001,27,1.8333,3.5052,-1.8139,32.6707,97.94,0.04443,0.07563,151
B0001,28,1.8492,3.5309,-1.8128,32.6258,98.79,0.04518,0.07198,150
B0001,29,1.8421,3.5199,-1.8116,32.6759,98.41,0.0455,0.07639,149
B0001,30,1.8312,3.5287,-1.8112,32.9719,97.83,0.04628,0.07551,148
B0001,31,1.8377,3.5057,-1.8139,33.0426,98.18,0.04654,0.07521,147
B0001,32,1.8329,3.5154,-1.8172,32.6436,97.92,0.04836,0.07602,146
B0001,33,1.8281,3.5063,-1.8163,32.8786,97.66,0.04682,0.07979,145
B0001,34,1.8305,3.5048,-1.8069,33.152,97.79,0.04591,0.07621,144
B0001,35,1.8325,3.4991,-1.8181,32.8121,97.9,0.04785,0.07651,143
B0001,36,1.8136,3.5016,-1.8092,33.1803,96.89,0.04989,0.0765,142
B0001,37,1.8157,3.5228,-1.8085,32.8337,97.0,0.04809,0.08014,141
B0001,38,1.8145,3.5157,-1.8157,32.8621,96.94,0.04923,0.079,140
B0001,39,1.8153,3.5044,-1.8064,32.9383,96.98,0.04783,0.08088,139
B0001,40,1.8271,3.5266,-1.8006,33.029,97.61,0.04737,0.08138,138
B0001,41,1.7997,3.5052,-1.815,33.1313,96.15,0.0467,0.08227,137
B0001,42,1.8023,3.5175,-1.8093,32.9428,96.29,0.0495,0.07715,136
B0001,43,1.82,3.5178,-1.8103,33.2014,97.23,0.04806,0.08049,135
B0001,44,1.7904,3.5348,-1.8006,33.2606,95.65,0.04872,0.08054,134
B0001,45,1.8038,3.5102,-1.8121,33.361,96.36,0.04931,0.07986,133
B0001,46,1.8112,3.5216,-1.8018,33.2366,96.76,0.04983,0.07779,132
B0001,47,1.7905,3.5164,-1.815,32.8892,95.65,0.04859,0.07638,131
B0001,48,1.8016,3.5222,-1.8051,33.3261,96.24,0.05115,0.07757,130
B0001,49,1.8004,3.5121,-1.8113,33.3638,96.18,0.04845,0.08006,129
B0001,50,1.7914,3.5231,-1.8061,32.9659,95.7,0.04977,0.0819,128
B0001,51,1.7958,3.5256,-1.8017,33.4671,95.94,0.04965,0.08067,127
B0001,52,1.7947,3.4946,-1.8154,33.2388,95.88,0.05006,0.08136,126
B0001,53,1.798,3.5035,-1.8118,33.2315,96.05,0.04976,0.08221,125
B0001,54,1.789,3.5164,-1.8118,33.4341,95.57,0.05238,0.08011,124
B0001,55,1.7813,3.5031,-1.8034,33.326,95.16,0.05085,0.08668,123
B0001,56,1.7854,3.5298,-1.8049,33.2637,95.38,0.05267,0.08477,122
B0001,57,1.7851,3.4957,-1.8024,33.445,95.37,0.05054,0.083,121
B0001,58,1.7807,3.5003,-1.8116,33.7298,95.13,0.05264,0.08489,120
B0001,59,1.7667,3.527,-1.8078,33.3143,94.38,0.05205,0.08593,119
B0001,60,1.7723,3.5055,-1.8095,33.5054,94.68,0.05205,0.08929,118
B0001,61,1.7724,3.498,-1.8191,33.3051,94.69,0.05328,0.08717,117
B0001,62,1.7733,3.5206,-1.812,33.37,94.73,0.05021,0.08847,116
B0001,63,1.7624,3.5068,-1.8005,33.4985,94.15,0.05128,0.08904,115
B0001,64,1.7683,3.5016,-1.8129,33.8645,94.47,0.05108,0.08484,114
B0001,65,1.7649,3.505,-1.8062,33.373,94.29,0.05171,0.0866,113
B0001,66,1.7678,3.5252,-1.8153,33.581,94.44,0.05288,0.08671,112
B0001,67,1.7443,3.5128,-1.805,33.1147,93.19,0.05312,0.08947,111
B0001,68,1.7486,3.5145,-1.8032,33.0707,93.42,0.05217,0.08864,110
B0001,69,1.7648,3.4909,-1.807,33.6045,94.28,0.05341,0.08881,109
B0001,70,1.7467,3.4998,-1.802,33.4255,93.31,0.05546,0.09271,108
B0001,71,1.7486,3.4895,-1.8155,33.5268,93.42,0.05191,0.09135,107
B0001,72,1.7466,3.5264,-1.8036,33.6264,93.31,0.05389,0.0926,106
B0001,73,1.757,3.5212,-1.8058,33.3582,93.87,0.0565,0.09035,105
B0001,74,1.7289,3.4958,-1.8136,33.5885,92.36,0.05505,0.09318,104
B0001,75,1.7449,3.5051,-1.8063,33.2908,93.22,0.05209,0.09608,103
B0001,76,1.7447,3.4943,-1.8118,33.8835,93.2,0.05569,0.09345,102
B0001,77,1.7296,3.5135,-1.804,33.7112,92.4,0.05438,0.09413,101
B0001,78,1.7374,3.5063,-1.811,33.7983,92.82,0.05548,0.0939,100
B0001,79,1.7281,3.5128,-1.8129,33.4619,92.32,0.05572,0.08921,99
B0001,80,1.7272,3.5067,-1.8061,33.3278,92.27,0.05533,0.09125,98
B0001,81,1.7253,3.5252,-1.805,33.7044,92.17,0.05631,0.09573,97
B0001,82,1.7199,3.4999,-1.8093,33.5974,91.88,0.05609,0.09341,96
B0001,83,1.7035,3.5023,-1.8118,33.824,91.01,0.05467,0.10203,95
B0001,84,1.719,3.4986,-1.8115,33.477,91.83,0.05748,0.09718,94
B0001,85,1.7099,3.4994,-1.818,34.0582,91.35,0.05616,0.09835,93
B0001,86,1.7081,3.4852,-1.8163,33.8535,91.25,0.05549,0.09671,92
B0001,87,1.72,3.4903,-1.8051,33.5856,91.89,0.0552,0.09863,91
B0001,88,1.6984,3.511,-1.8104,34.0606,90.73,0.05626,0.09613,90
B0001,89,1.7092,3.504,-1.8167,33.5671,91.31,0.05672,0.09812,89
B0001,90,1.7086,3.4935,-1.8108,33.7929,91.28,0.05591,0.09754,88
B0001,91,1.7001,3.4893,-1.8121,33.6705,90.82,0.05812,0.09831,87
B0001,92,1.69,3.4971,-1.8141,34.0304,90.28,0.05942,0.0988,86
B0001,93,1.6778,3.4891,-1.8179,33.711,89.63,0.05929,0.09931,85
B0001,94,1.6949,3.5056,-1.8149,33.4138,90.54,0.05803,0.10034,84
B0001,95,1.6717,3.5007,-1.8089,34.0852,89.31,0.05784,0.10304,83
B0001,96,1.6853,3.494,-1.8053,33.9791,90.03,0.05759,0.0998,82
B0001,97,1.6757,3.4967,-1.8035,33.8923,89.52,0.059,0.10287,81
B0001,98,1.6885,3.49,-1.8003,33.7551,90.2,0.05916,0.10219,80
B0001,99,1.6814,3.5037,-1.8119,33.6149,89.82,0.05705,0.10682,79
B0001,100,1.6645,3.5134,-1.81,33.6513,88.92,0.05967,0.10623,78
B0001,101,1.6763,3.4875,-1.8147,33.6817,89.55,0.05616,0.10331,77
B0001,102,1.667,3.4971,-1.8046,33.9941,89.05,0.05882,0.10954,76
B0001,103,1.6679,3.5147,-1.8056,33.9942,89.11,0.05898,0.105,75
B0001,104,1.664,3.4985,-1.8031,34.1999,88.9,0.05752,0.10572,74
B0001,105,1.6628,3.4894,-1.8117,33.9974,88.83,0.0584,0.10225,73
B0001,106,1.6457,3.5125,-1.8096,33.8361,87.92,0.06061,0.10582,72
B0001,107,1.6508,3.5163,-1.8019,34.0568,88.19,0.06049,0.10921,71
B0001,108,1.6569,3.4877,-1.8176,34.122,88.52,0.05967,0.10829,70
B0001,109,1.6566,3.5,-1.8189,34.2176,88.5,0.06,0.1113,69
B0001,110,1.65,3.5011,-1.8094,33.9992,88.15,0.05906,0.11195,68
B0001,111,1.6392,3.5057,-1.8052,34.1668,87.57,0.05861,0.11,67
B0001,112,1.6488,3.5116,-1.8186,33.7563,88.08,0.0596,0.10544,66
B0001,113,1.6449,3.4931,-1.8182,34.1575,87.87,0.06031,0.10751,65
B0001,114,1.6408,3.4893,-1.8082,34.0368,87.66,0.06104,0.111,64
B0001,115,1.6413,3.4995,-1.8004,34.4238,87.68,0.06034,0.11051,63
B0001,116,1.6352,3.5057,-1.8176,33.8021,87.36,0.06125,0.11104,62
B0001,117,1.6372,3.4897,-1.8096,34.0269,87.46,0.06148,0.11393,61
B0001,118,1.6301,3.5064,-1.8075,34.3958,87.09,0.05993,0.11979,60
B0001,119,1.6298,3.4874,-1.8191,34.3711,87.07,0.06306,0.11102,59
B0001,120,1.6275,3.4836,-1.8093,34.4683,86.94,0.06224,0.11502,58
B0001,121,1.6231,3.5003,-1.8091,34.4293,86.71,0.06333,0.11542,57
B0001,122,1.6077,3.4782,-1.8152,34.3721,85.89,0.0621,0.11677,56
B0001,123,1.6156,3.5036,-1.8107,34.4736,86.31,0.06203,0.11663,55
B0001,124,1.6164,3.4798,-1.8088,33.9473,86.35,0.06203,0.11853,54
B0001,125,1.6142,3.4856,-1.8164,34.3481,86.24,0.06321,0.11974,53
B0001,126,1.6062,3.4925,-1.8185,34.4728,85.81,0.06369,0.11673,52
B0001,127,1.592,3.4833,-1.8036,34.146,85.05,0.06264,0.1151,51
B0001,128,1.5989,3.4776,-1.8035,34.2894,85.42,0.06423,0.11898,50
B0001,129,1.5982,3.4981,-1.8007,34.0698,85.38,0.06431,0.11869,49
B0001,130,1.5971,3.4887,-1.8051,34.0493,85.32,0.06357,0.12333,48
B0001,131,1.5931,3.5024,-1.8168,34.321,85.11,0.06479,0.11849,47
B0001,132,1.612,3.5012,-1.82,34.2752,86.12,0.06479,0.12088,46
B0001,133,1.6013,3.4791,-1.807,34.1146,85.55,0.06507,0.11901,45
B0001,134,1.5731,3.4904,-1.8009,34.6974,84.04,0.0666,0.1218,44
B0001,135,1.578,3.4869,-1.8158,34.3065,84.3,0.06567,0.12251,43
B0001,136,1.5881,3.4861,-1.8192,34.5643,84.84,0.06453,0.1259,42
B0001,137,1.5779,3.4882,-1.8013,34.8158,84.3,0.06607,0.12729,41
B0001,138,1.5725,3.5019,-1.8043,34.5408,84.01,0.06503,0.12976,40
B0001,139,1.5613,3.4908,-1.8077,34.5137,83.41,0.06509,0.129,39
B0001,140,1.5726,3.4655,-1.8092,34.5791,84.01,0.06554,0.12822,38
B0001,141,1.5696,3.4695,-1.8032,34.2727,83.85,0.06515,0.12591,37
B0001,142,1.5617,3.4924,-1.8091,34.6579,83.43,0.06648,0.1294,36
B0001,143,1.5657,3.4801,-1.8041,34.4709,83.64,0.06635,0.13108,35
B0001,144,1.5714,3.4743,-1.808,34.7381,83.95,0.06771,0.1283,34
B0001,145,1.5552,3.4817,-1.8181,34.6311,83.08,0.06432,0.12776,33
B0001,146,1.5406,3.4842,-1.8028,34.0908,82.3,0.06614,0.13033,32
B0001,147,1.5384,3.473,-1.8023,34.4682,82.18,0.06855,0.12758,31
B0001,148,1.563,3.4849,-1.8149,34.5033,83.5,0.0663,0.13185,30
B0001,149,1.535,3.4809,-1.8059,34.5756,82.0,0.06577,0.13263,29
B0001,150,1.5345,3.4959,-1.819,34.6434,81.98,0.06704,0.13234,28
B0001,151,1.5444,3.4834,-1.8104,34.737,82.51,0.0672,0.1363,27
B0001,152,1.5339,3.4723,-1.8173,34.4281,81.95,0.06807,0.13015,26
B0001,153,1.5335,3.4869,-1.8169,34.4773,81.93,0.06823,0.13333,25
B0001,154,1.5313,3.4907,-1.8041,34.9401,81.81,0.06896,0.13372,24
B0001,155,1.5236,3.4888,-1.813,34.3094,81.39,0.06862,0.13639,23
B0001,156,1.5183,3.4764,-1.8047,34.8661,81.11,0.06832,0.13643,22
B0001,157,1.5157,3.4958,-1.8125,34.4475,80.97,0.0687,0.13592,21
B0001,158,1.5108,3.4869,-1.8081,34.5292,80.71,0.07036,0.14046,20
B0001,159,1.5188,3.4862,-1.8048,34.7941,81.14,0.06918,0.13555,19
B0001,160,1.5132,3.4604,-1.809,34.8406,80.84,0.06949,0.13621,18
B0001,161,1.5094,3.498,-1.8186,34.914,80.63,0.0714,0.13867,17
B0001,162,1.4963,3.4723,-1.8095,34.7651,79.94,0.06967,0.13704,16
B0001,163,1.5044,3.4866,-1.812,35.0833,80.37,0.07072,0.13885,15
B0001,164,1.492,3.47,-1.8016,34.8098,79.71,0.06959,0.14218,14
B0001,165,1.4954,3.4927,-1.8041,34.8581,79.89,0.06804,0.1423,13
B0001,166,1.5041,3.4758,-1.8054,34.9354,80.35,0.07068,0.14299,12
B0001,167,1.4853,3.478,-1.8169,34.6777,79.35,0.07126,0.14198,11
B0001,168,1.4819,3.4687,-1.8072,34.6486,79.16,0.06956,0.14406,10
B0001,169,1.4912,3.477,-1.8065,35.0094,79.66,0.07122,0.14356,9
B0001,170,1.4872,3.4732,-1.8147,34.9993,79.45,0.07164,0.1475,8
B0001,171,1.4933,3.4744,-1.8112,35.0482,79.78,0.07301,0.14288,7
B0001,172,1.4766,3.474,-1.8109,34.8027,78.88,0.07027,0.14807,6
B0001,173,1.4762,3.4757,-1.8182,35.3375,78.86,0.07127,0.14319,5
B0001,174,1.4669,3.4621,-1.8176,35.1781,78.37,0.07166,0.14538,4
B0001,175,1.4747,3.4699,-1.8042,35.192,78.78,0.07296,0.14714,3
B0001,176,1.4476,3.4631,-1.8152,34.8585,77.34,0.07207,0.14829,2
B0001,177,1.4672,3.4749,-1.8087,34.669,78.38,0.07336,0.15068,1
B0001,178,1.4598,3.4891,-1.8172,34.8532,77.99,0.07493,0.15182,0
B0002,1,1.8509,3.5355,-1.8173,32.7147,100.41,0.04492,0.06632,152
B0002,2,1.8366,3.5023,-1.8171,32.4434,99.64,0.04512,0.06737,151
B0002,3,1.838,3.5213,-1.8112,32.1753,99.72,0.04392,0.06273,150
B0002,4,1.8363,3.5101,-1.8001,32.2777,99.63,0.04554,0.06887,149
B0002,5,1.8438,3.5082,-1.8062,32.3192,100.03,0.04375,0.06582,148
B0002,6,1.8384,3.52,-1.8115,32.5895,99.74,0.04475,0.06907,147
B0002,7,1.8381,3.5146,-1.8034,32.6812,99.72,0.04546,0.06583,146
B0002,8,1.8549,3.5188,-1.809,32.5847,100.63,0.04408,0.06779,145
B0002,9,1.8432,3.5173,-1.8125,32.7154,100.0,0.04475,0.06952,144
B0002,10,1.8345,3.5197,-1.8032,32.3304,99.53,0.04428,0.06945,143
B0002,11,1.8321,3.5396,-1.8073,32.736,99.4,0.04604,0.07039,142
B0002,12,1.8354,3.5206,-1.8183,32.8197,99.58,0.04574,0.06642,141
B0002,13,1.8342,3.5227,-1.8068,32.6271,99.51,0.04675,0.06603,140
B0002,14,1.8214,3.5182,-1.8176,32.7326,98.81,0.04661,0.0667,139
B0002,15,1.8202,3.5346,-1.804,32.6117,98.75,0.04701,0.06728,138
B0002,16,1.8213,3.5252,-1.8132,33.0395,98.81,0.04749,0.06971,137
B0002,17,1.8259,3.5134,-1.8011,32.5854,99.06,0.04485,0.06547,136
B0002,18,1.8218,3.5145,-1.8031,33.0576,98.84,0.04661,0.07084,135
B0002,19,1.8117,3.5252,-1.8045,32.9079,98.29,0.04567,0.0719,134
B0002,20,1.8256,3.5284,-1.8032,32.803,99.05,0.04706,0.06845,133
B0002,21,1.7972,3.5208,-1.8062,33.1819,97.5,0.04791,0.06623,132
B0002,22,1.8073,3.5075,-1.8002,32.5122,98.05,0.04687,0.06787,131
B0002,23,1.8009,3.5178,-1.8077,32.7943,97.7,0.04677,0.07114,130
B0002,24,1.8129,3.518,-1.817,32.651,98.35,0.04724,0.07095,129
B0002,25,1.8125,3.5216,-1.8122,32.6897,98.33,0.04546,0.07241,128
B0002,26,1.7951,3.5217,-1.8088,32.8788,97.39,0.04718,0.07667,127
B0002,27,1.7904,3.5303,-1.81,32.6568,97.13,0.04887,0.07062,126
B0002,28,1.8037,3.5109,-1.8171,32.9211,97.85,0.04879,0.07411,125
B0002,29,1.8045,3.516,-1.8,33.118,97.9,0.04814,0.0735,124
B0002,30,1.7825,3.5097,-1.8123,32.9897,96.7,0.04968,0.07405,123
B0002,31,1.8033,3.495,-1.8195,33.2065,97.83,0.04899,0.07041,122
B0002,32,1.8049,3.5127,-1.8032,32.802,97.92,0.04915,0.07329,121
B0002,33,1.7912,3.5016,-1.8054,33.1903,97.17,0.05041,0.07172,120
B0002,34,1.7909,3.5194,-1.8069,33.2594,97.16,0.0486,0.07524,119
B0002,35,1.7926,3.5052,-1.8146,33.3641,97.25,0.0485,0.07539,118
B0002,36,1.7851,3.5,-1.8118,32.871,96.85,0.04955,0.07356,117
B0002,37,1.7791,3.5002,-1.8116,33.0276,96.52,0.04985,0.07684,116
B0002,38,1.7879,3.5121,-1.813,32.9118,97.0,0.05025,0.07311,115
B0002,39,1.7795,3.5121,-1.8095,32.9367,96.54,0.0496,0.07748,114
B0002,40,1.7689,3.5131,-1.8103,32.858,95.97,0.05051,0.07588,113
B0002,41,1.775,3.508,-1.8188,33.1471,96.3,0.05253,0.08055,112
B0002,42,1.7593,3.5073,-1.8096,32.9204,95.44,0.05006,0.07582,111
B0002,43,1.7697,3.5192,-1.8195,33.0182,96.01,0.05141,0.07847,110
B0002,44,1.7653,3.5042,-1.8124,33.4231,95.77,0.05091,0.08464,109
B0002,45,1.7758,3.5214,-1.804,33.1681,96.34,0.05148,0.0794,108
B0002,46,1.7536,3.5232,-1.8019,33.0635,95.14,0.05196,0.07741,107
B0002,47,1.7615,3.5032,-1.8112,33.3282,95.57,0.05115,0.08013,106
B0002,48,1.7447,3.5298,-1.8167,33.6454,94.65,0.05178,0.08087,105
B0002,49,1.7614,3.5087,-1.8056,33.5431,95.56,0.0518,0.08048,104
B0002,50,1.7528,3.5275,-1.8137,33.3237,95.09,0.05259,0.08027,103
B0002,51,1.7489,3.5072,-1.8133,33.2107,94.88,0.05375,0.08113,102
B0002,52,1.7412,3.4942,-1.805,33.2265,94.46,0.0524,0.08103,101
B0002,53,1.7539,3.5284,-1.8073,33.0131,95.15,0.05408,0.08202,100
B0002,54,1.7314,3.4958,-1.8033,33.2917,93.93,0.05256,0.08309,99
B0002,55,1.7275,3.4992,-1.8193,33.3219,93.72,0.05423,0.07928,98
B0002,56,1.7337,3.5095,-1.8019,33.5905,94.06,0.05377,0.08461,97
B0002,57,1.7396,3.5061,-1.8091,33.2958,94.38,0.05376,0.08069,96
B0002,58,1.7306,3.4975,-1.8018,33.6649,93.89,0.05414,0.08497,95
B0002,59,1.7208,3.4924,-1.8059,33.456,93.36,0.05348,0.08639,94
B0002,60,1.7273,3.4916,-1.814,33.6942,93.71,0.05419,0.08495,93
B0002,61,1.719,3.4969,-1.8184,33.3376,93.26,0.0553,0.08786,92
B0002,62,1.7109,3.4941,-1.8034,33.7949,92.82,0.05367,0.08703,91
B0002,63,1.712,3.4992,-1.8045,33.5671,92.88,0.05749,0.08344,90
B0002,64,1.7072,3.502,-1.8098,33.377,92.62,0.05661,0.09019,89
B0002,65,1.7134,3.5077,-1.8051,33.4941,92.96,0.05279,0.08892,88
B0002,66,1.7074,3.5017,-1.8161,33.4288,92.63,0.05465,0.08595,87
B0002,67,1.7127,3.4886,-1.8156,33.2766,92.92,0.05493,0.08869,86
B0002,68,1.709,3.5052,-1.8121,33.3362,92.72,0.05611,0.09231,85
B0002,69,1.7073,3.503,-1.8101,33.6689,92.62,0.05626,0.09036,84
B0002,70,1.7091,3.5184,-1.8138,33.9823,92.73,0.05439,0.08751,83
B0002,71,1.6942,3.5002,-1.8109,33.5516,91.91,0.05578,0.0898,82
B0002,72,1.6998,3.4916,-1.8066,33.7581,92.22,0.05647,0.09191,81
B0002,73,1.6811,3.5163,-1.8055,33.3422,91.2,0.05507,0.09271,80
B0002,74,1.6861,3.5082,-1.8191,33.4259,91.48,0.05697,0.09242,79
B0002,75,1.6986,3.5175,-1.8062,33.5557,92.15,0.05794,0.0951,78
B0002,76,1.6746,3.5014,-1.8028,34.0324,90.85,0.05841,0.0926,77
B0002,77,1.692,3.5089,-1.8059,33.7539,91.79,0.05691,0.09083,76
B0002,78,1.6788,3.5066,-1.8195,33.8109,91.08,0.0567,0.09463,75
B0002,79,1.6833,3.4901,-1.8065,33.7229,91.32,0.05923,0.09532,74
B0002,80,1.6744,3.5044,-1.8194,33.6879,90.84,0.05819,0.09675,73
B0002,81,1.6679,3.4826,-1.8049,33.847,90.49,0.05883,0.09456,72
B0002,82,1.6665,3.4937,-1.8132,33.7085,90.41,0.05932,0.09667,71
B0002,83,1.6601,3.5093,-1.8112,33.6513,90.06,0.05765,0.10106,70
B0002,84,1.6631,3.4911,-1.8131,33.9628,90.23,0.05886,0.09755,69
B0002,85,1.6569,3.5061,-1.8001,34.2199,89.89,0.05813,0.09867,68
B0002,86,1.6383,3.4937,-1.8091,33.6779,88.88,0.05821,0.10066,67
B0002,87,1.6479,3.5069,-1.8145,34.1784,89.4,0.06142,0.09954,66
B0002,88,1.6471,3.4918,-1.8159,34.0037,89.36,0.06098,0.10075,65
B0002,89,1.6422,3.5057,-1.8004,33.944,89.09,0.05764,0.10689,64
B0002,90,1.6363,3.4926,-1.8021,33.6808,88.77,0.06082,0.10224,63
B0002,91,1.6391,3.5091,-1.8196,34.0788,88.92,0.06147,0.10733,62
B0002,92,1.6281,3.4948,-1.8144,33.77,88.33,0.0599,0.10409,61
B0002,93,1.6361,3.4876,-1.8049,34.2934,88.76,0.06174,0.10492,60
B0002,94,1.6239,3.478,-1.8118,33.9715,88.1,0.06144,0.10664,59
B0002,95,1.6275,3.5068,-1.8186,34.1298,88.3,0.06075,0.10533,58
B0002,96,1.6216,3.5017,-1.8185,34.0125,87.97,0.0615,0.10411,57
B0002,97,1.6275,3.5031,-1.8119,34.2962,88.29,0.06094,0.10811,56
B0002,98,1.6319,3.4992,-1.807,33.9895,88.53,0.06255,0.10452,55
B0002,99,1.614,3.4901,-1.8186,34.3021,87.56,0.06313,0.11201,54
B0002,100,1.6182,3.4882,-1.8045,33.9977,87.79,0.06281,0.10928,53
B0002,101,1.6215,3.474,-1.805,34.0353,87.97,0.06251,0.10957,52
B0002,102,1.6049,3.4977,-1.818,34.1899,87.07,0.06242,0.10986,51
B0002,103,1.5964,3.4999,-1.8113,34.4626,86.61,0.06247,0.11225,50
B0002,104,1.5995,3.4988,-1.8059,33.7639,86.78,0.06343,0.10967,49
B0002,105,1.5918,3.499,-1.801,34.2703,86.36,0.06256,0.11187,48
B0002,106,1.5949,3.4789,-1.81,34.1741,86.53,0.0642,0.11455,47
B0002,107,1.6001,3.4696,-1.8046,34.226,86.81,0.06358,0.10999,46
B0002,108,1.5841,3.4876,-1.8064,34.361,85.94,0.06462,0.11119,45
B0002,109,1.5887,3.488,-1.8071,34.1233,86.19,0.06379,0.11668,44
B0002,110,1.5753,3.4765,-1.8033,34.0135,85.47,0.06409,0.116,43
B0002,111,1.5882,3.4728,-1.8094,34.3644,86.16,0.0635,0.11503,42
B0002,112,1.5757,3.4991,-1.8045,34.2661,85.49,0.06486,0.11723,41
B0002,113,1.5723,3.485,-1.813,34.2816,85.3,0.06524,0.11878,40
B0002,114,1.5671,3.4849,-1.8139,34.0043,85.02,0.06544,0.11798,39
B0002,115,1.5697,3.4862,-1.8188,34.6518,85.16,0.06468,0.12152,38
B0002,116,1.5594,3.4797,-1.8044,34.339,84.6,0.06442,0.11763,37
B0002,117,1.5555,3.5,-1.8148,34.2916,84.39,0.06553,0.11695,36
B0002,118,1.5512,3.4873,-1.8008,34.4266,84.16,0.06709,0.12009,35
B0002,119,1.5514,3.4805,-1.8039,34.1954,84.17,0.06469,0.11987,34
B0002,120,1.5369,3.4746,-1.8152,34.7707,83.38,0.06511,0.1211,33
B0002,121,1.5447,3.4802,-1.8185,34.5897,83.8,0.06707,0.12148,32
B0002,122,1.5416,3.4797,-1.8072,34.6732,83.64,0.06631,0.12401,31
B0002,123,1.5368,3.478,-1.8198,34.2958,83.38,0.06596,0.12373,30
B0002,124,1.5308,3.4906,-1.8194,34.4243,83.05,0.06826,0.12355,29
B0002,125,1.5379,3.489,-1.8001,34.2015,83.43,0.06793,0.12365,28
B0002,126,1.519,3.4969,-1.8129,34.7872,82.41,0.06922,0.12467,27
B0002,127,1.5225,3.4695,-1.8162,34.8247,82.6,0.06644,0.12935,26
B0002,128,1.5292,3.489,-1.8084,34.7972,82.96,0.06782,0.12869,25
B0002,129,1.5248,3.4948,-1.8021,34.5442,82.73,0.0694,0.12959,24
B0002,130,1.5045,3.4825,-1.8029,34.3433,81.62,0.06721,0.12874,23
B0002,131,1.5122,3.4905,-1.8134,34.8224,82.04,0.06958,0.13202,22
B0002,132,1.5002,3.4831,-1.8189,34.6826,81.39,0.06731,0.13086,21
B0002,133,1.5111,3.4629,-1.8054,35.0191,81.98,0.06828,0.1289,20
B0002,134,1.5108,3.4736,-1.8057,34.7577,81.97,0.07018,0.13262,19
B0002,135,1.5024,3.4772,-1.8184,34.6476,81.51,0.06859,0.13535,18
B0002,136,1.4918,3.4862,-1.8057,34.9551,80.93,0.07036,0.13598,17
B0002,137,1.4921,3.494,-1.8034,34.8231,80.95,0.0692,0.1293,16
B0002,138,1.4757,3.4847,-1.8039,34.6381,80.06,0.0706,0.13567,15
B0002,139,1.4952,3.4862,-1.8011,34.6583,81.12,0.06936,0.13754,14
B0002,140,1.4851,3.4755,-1.8153,34.9546,80.57,0.0715,0.13787,13
B0002,141,1.4774,3.49,-1.8164,34.7673,80.15,0.07234,0.14057,12
B0002,142,1.4674,3.4742,-1.8041,34.7503,79.61,0.07075,0.13596,11
B0002,143,1.4639,3.4687,-1.8139,34.5951,79.42,0.07338,0.13859,10
B0002,144,1.4605,3.4615,-1.8113,35.0564,79.23,0.07103,0.14228,9
B0002,145,1.4684,3.4811,-1.8066,34.9118,79.67,0.07172,0.14106,8
B0002,146,1.4716,3.4681,-1.8004,34.4585,79.84,0.07168,0.14127,7
B0002,147,1.4682,3.48,-1.8115,34.6596,79.65,0.07239,0.14455,6
B0002,148,1.4598,3.4744,-1.8006,34.8514,79.2,0.07244,0.1394,5
B0002,149,1.4522,3.476,-1.807,34.8758,78.78,0.07293,0.14347,4
B0002,150,1.4566,3.4737,-1.8027,35.065,79.02,0.07378,0.14693,3
B0002,151,1.4462,3.4847,-1.8118,34.5232,78.46,0.07345,0.14797,2
B0002,152,1.4374,3.4704,-1.8066,35.3118,77.98,0.07397,0.1453,1
B0002,153,1.4441,3.474,-1.8148,35.1356,78.35,0.07347,0.14685,0
B0003,1,1.8395,3.5287,-1.815,32.1505,99.45,0.04515,0.06517,179
B0003,2,1.8366,3.5171,-1.801,32.767,99.29,0.04466,0.0689,178
B0003,3,1.845,3.5225,-1.8052,32.6089,99.75,0.04515,0.06722,177
B0003,4,1.849,3.5291,-1.8146,32.4934,99.97,0.04457,0.06612,176
B0003,5,1.8414,3.5319,-1.8114,32.4197,99.55,0.04508,0.06881,175
B0003,6,1.8418,3.5004,-1.814,32.57,99.57,0.04563,0.06506,174
B0003,7,1.8499,3.5245,-1.8168,32.2769,100.01,0.04508,0.06902,173
B0003,8,1.8396,3.5294,-1.8178,32.3628,99.46,0.04467,0.06653,172
B0003,9,1.8486,3.5237,-1.8042,32.4497,99.94,0.04879,0.06888,171
B0003,10,1.8498,3.5338,-1.8179,32.5789,100.01,0.04461,0.06796,170
B0003,11,1.818,3.5284,-1.805,32.6197,98.29,0.04648,0.06607,169
B0003,12,1.847,3.5304,-1.8154,32.5217,99.86,0.04661,0.06488,168
B0003,13,1.8308,3.5077,-1.8129,32.4733,98.98,0.04515,0.06714,167
B0003,14,1.8354,3.5111,-1.8122,32.6242,99.23,0.04501,0.06437,166
B0003,15,1.8194,3.5277,-1.8166,32.8011,98.36,0.04509,0.06363,165
B0003,16,1.826,3.5204,-1.8079,32.3903,98.72,0.04658,0.06868,164
B0003,17,1.8351,3.5166,-1.8098,32.6927,99.21,0.04597,0.06908,163
B0003,18,1.8309,3.5307,-1.8149,32.4715,98.99,0.04634,0.07204,162
B0003,19,1.8161,3.5198,-1.8042,32.7035,98.19,0.04763,0.06897,161
B0003,20,1.8252,3.5121,-1.8122,32.9432,98.68,0.0471,0.06823,160
B0003,21,1.8257,3.5344,-1.8185,32.6486,98.7,0.0484,0.06413,159
B0003,22,1.8268,3.5112,-1.8125,32.474,98.76,0.04904,0.0667,158
B0003,23,1.8393,3.5241,-1.8199,33.201,99.44,0.04874,0.07164,157
B0003,24,1.8194,3.5282,-1.8039,32.873,98.37,0.04951,0.07212,156
B0003,25,1.8262,3.5091,-1.805,33.0683,98.73,0.04955,0.07096,155
B0003,26,1.8142,3.5219,-1.8074,32.824,98.08,0.04974,0.07138,154
B0003,27,1.8182,3.5084,-1.8115,33.0391,98.3,0.0476,0.06876,153
B0003,28,1.825,3.5115,-1.8036,32.907,98.67,0.04863,0.07077,152
B0003,29,1.8069,3.5232,-1.8146,32.8161,97.69,0.04766,0.07237,151
B0003,30,1.819,3.5248,-1.8037,33.0022,98.34,0.04961,0.0678,150
B0003,31,1.8055,3.5104,-1.8148,32.6326,97.61,0.04932,0.07005,149
B0003,32,1.8105,3.5217,-1.8135,33.1388,97.88,0.04971,0.07033,148
B0003,33,1.8009,3.505,-1.8181,33.2588,97.36,0.04971,0.07232,147
B0003,34,1.7959,3.5323,-1.8152,32.5834,97.09,0.04872,0.07271,146
B0003,35,1.8045,3.515,-1.8069,32.8781,97.56,0.04964,0.07199,145
B0003,36,1.791,3.5291,-1.8027,33.0555,96.83,0.05047,0.0747,144
B0003,37,1.7989,3.5144,-1.8081,33.2044,97.26,0.04964,0.07598,143
B0003,38,1.7988,3.5302,-1.8004,33.169,97.25,0.05071,0.07022,142
B0003,39,1.7889,3.519,-1.8125,33.4129,96.71,0.04972,0.07371,141
B0003,40,1.7935,3.524,-1.8145,32.9615,96.96,0.04919,0.076,140
B0003,41,1.7792,3.5172,-1.8166,32.8175,96.19,0.05119,0.07233,139
B0003,42,1.7859,3.5251,-1.8008,32.8412,96.55,0.05212,0.0761,138
B0003,43,1.7901,3.5073,-1.8081,33.0761,96.78,0.05119,0.07243,137
B0003,44,1.7919,3.5258,-1.8068,32.9903,96.88,0.05096,0.07692,136
B0003,45,1.79,3.5291,-1.8107,33.3304,96.77,0.05216,0.07413,135
B0003,46,1.7834,3.5271,-1.8183,33.0422,96.42,0.05094,0.07641,134
B0003,47,1.7916,3.4937,-1.804,32.9919,96.86,0.0511,0.07549,133
B0003,48,1.7857,3.5046,-1.8065,32.9535,96.54,0.05099,0.07564,132
B0003,49,1.7803,3.5129,-1.8087,33.3377,96.25,0.0515,0.0749,131
B0003,50,1.7724,3.5151,-1.8145,33.169,95.82,0.05101,0.07477,130
B0003,51,1.7783,3.4918,-1.8055,33.0107,96.14,0.05315,0.07635,129
B0003,52,1.7618,3.5159,-1.8032,33.4781,95.25,0.05308,0.07698,128
B0003,53,1.7618,3.5011,-1.8032,32.9962,95.25,0.05251,0.07536,127
B0003,54,1.7681,3.5082,-1.8175,33.2485,95.59,0.05378,0.07748,126
B0003,55,1.752,3.4913,-1.8068,33.1253,94.72,0.0551,0.07858,125
B0003,56,1.7715,3.4965,-1.8035,33.0291,95.77,0.05334,0.07745,124
B0003,57,1.7582,3.506,-1.8031,33.3752,95.05,0.05443,0.07861,123
B0003,58,1.7539,3.5169,-1.815,33.2075,94.82,0.0524,0.07865,122
B0003,59,1.7466,3.504,-1.8103,33.5363,94.42,0.0529,0.08131,121
B0003,60,1.7584,3.512,-1.8048,32.842,95.06,0.05297,0.08064,120
B0003,61,1.7551,3.5151,-1.8098,33.2961,94.89,0.05334,0.08394,119
B0003,62,1.7491,3.494,-1.809,33.2861,94.56,0.05492,0.08025,118
B0003,63,1.745,3.5011,-1.8144,33.0807,94.34,0.05416,0.0811,117
B0003,64,1.7359,3.4931,-1.8045,33.2906,93.85,0.05388,0.0852,116
B0003,65,1.7291,3.5018,-1.8153,33.3147,93.48,0.05436,0.08408,115
B0003,66,1.7369,3.5049,-1.8136,33.5278,93.9,0.0549,0.08454,114
B0003,67,1.7314,3.5158,-1.8184,33.2595,93.6,0.05574,0.0865,113
B0003,68,1.7423,3.5134,-1.8188,33.2236,94.2,0.05378,0.08302,112
B0003,69,1.7425,3.5088,-1.805,33.5648,94.21,0.05529,0.07839,111
B0003,70,1.7254,3.4959,-1.8199,33.1963,93.28,0.05554,0.08592,110
B0003,71,1.7167,3.516,-1.8062,33.4,92.81,0.05647,0.08473,109
B0003,72,1.7311,3.5057,-1.8176,33.4505,93.59,0.05521,0.08395,108
B0003,73,1.7231,3.5017,-1.8177,33.5098,93.16,0.05396,0.08591,107
B0003,74,1.7249,3.5238,-1.8036,33.6328,93.26,0.05676,0.08818,106
B0003,75,1.7185,3.492,-1.8179,33.6303,92.91,0.05456,0.08498,105
B0003,76,1.7259,3.5078,-1.8194,33.5475,93.31,0.05628,0.08763,104
B0003,77,1.7155,3.4973,-1.813,33.3367,92.75,0.05681,0.08529,103
B0003,78,1.7128,3.5057,-1.8149,33.7303,92.6,0.05642,0.08517,102
B0003,79,1.715,3.5045,-1.8134,33.363,92.72,0.05679,0.0913,101
B0003,80,1.7097,3.4942,-1.8124,33.7473,92.43,0.05621,0.09156,100
B0003,81,1.6983,3.5173,-1.8193,33.7984,91.82,0.05536,0.08877,99
B0003,82,1.713,3.5045,-1.8057,33.2761,92.61,0.05708,0.09031,98
B0003,83,1.7037,3.5059,-1.809,33.5241,92.11,0.05818,0.09076,97
B0003,84,1.6969,3.5014,-1.8179,33.7457,91.74,0.05817,0.08778,96
B0003,85,1.7038,3.4965,-1.8035,33.3634,92.12,0.05735,0.09177,95
B0003,86,1.704,3.4983,-1.81,33.8486,92.12,0.05779,0.09212,94
B0003,87,1.6876,3.5185,-1.8114,33.8751,91.24,0.05698,0.09569,93
B0003,88,1.6926,3.5173,-1.8114,33.6239,91.51,0.0587,0.09305,92
B0003,89,1.6857,3.5042,-1.8135,33.2762,91.14,0.05854,0.09565,91
B0003,90,1.6745,3.5034,-1.8011,33.6125,90.53,0.05807,0.0963,90
B0003,91,1.6769,3.5077,-1.8155,33.5261,90.66,0.06059,0.0963,89
B0003,92,1.6974,3.4954,-1.8049,33.9903,91.77,0.06037,0.09398,88
B0003,93,1.684,3.4873,-1.8026,33.9901,91.04,0.06033,0.09843,87
B0003,94,1.6804,3.4932,-1.8194,33.8399,90.85,0.05935,0.09577,86
B0003,95,1.6738,3.5043,-1.8058,33.7098,90.49,0.0579,0.09907,85
B0003,96,1.6729,3.4966,-1.8034,33.9394,90.44,0.06058,0.09531,84
B0003,97,1.6739,3.4967,-1.819,33.7588,90.5,0.05986,0.09527,83
B0003,98,1.6805,3.4759,-1.8086,33.9774,90.85,0.05947,0.0989,82
B0003,99,1.6604,3.5019,-1.8189,33.503,89.76,0.05986,0.09666,81
B0003,100,1.6497,3.4845,-1.8023,34.0199,89.19,0.05963,0.0996,80
B0003,101,1.6643,3.5048,-1.8035,33.9321,89.98,0.0592,0.09804,79
B0003,102,1.6527,3.4842,-1.8184,34.2955,89.35,0.06015,0.10235,78
B0003,103,1.6403,3.489,-1.8115,33.9994,88.68,0.06061,0.10148,77
B0003,104,1.6428,3.5006,-1.8044,33.553,88.82,0.0614,0.10242,76
B0003,105,1.6538,3.5047,-1.8065,34.0985,89.41,0.06059,0.10273,75
B0003,106,1.6343,3.4981,-1.8046,33.6972,88.35,0.06246,0.09814,74
B0003,107,1.6382,3.4923,-1.8191,34.1535,88.56,0.06309,0.10349,73
B0003,108,1.6433,3.4967,-1.8197,33.6363,88.84,0.05977,0.10219,72
B0003,109,1.6245,3.4898,-1.819,34.2503,87.83,0.06078,0.10351,71
B0003,110,1.6241,3.4823,-1.808,33.9096,87.81,0.06419,0.10211,70
B0003,111,1.6279,3.4976,-1.802,34.2361,88.01,0.06286,0.10271,69
B0003,112,1.6223,3.4803,-1.8146,33.9997,87.71,0.06375,0.10447,68
B0003,113,1.6178,3.5064,-1.8089,33.8453,87.47,0.06253,0.10533,67
B0003,114,1.6315,3.4985,-1.8176,33.6866,88.21,0.06323,0.10884,66
B0003,115,1.6133,3.5099,-1.8183,34.3981,87.22,0.06429,0.10657,65
B0003,116,1.6102,3.4778,-1.8137,34.006,87.06,0.06171,0.10406,64
B0003,117,1.6366,3.4833,-1.8065,34.0662,88.48,0.06475,0.10805,63
B0003,118,1.6214,3.4963,-1.8061,34.3076,87.66,0.06325,0.10608,62
B0003,119,1.6103,3.4933,-1.8077,34.1842,87.06,0.06559,0.10846,61
B0003,120,1.6125,3.4898,-1.8183,33.9158,87.18,0.06376,0.11411,60
B0003,121,1.6144,3.5055,-1.815,34.0587,87.28,0.06263,0.11007,59
B0003,122,1.5989,3.5045,-1.8127,34.1379,86.44,0.0646,0.11079,58
B0003,123,1.6036,3.4848,-1.8047,34.3096,86.69,0.06504,0.11425,57
B0003,124,1.5908,3.4864,-1.8118,34.4268,86.0,0.06354,0.11406,56
B0003,125,1.5997,3.4858,-1.8099,33.9796,86.49,0.06532,0.11192,55
B0003,126,1.6098,3.5004,-1.8117,34.1073,87.03,0.06438,0.11047,54
B0003,127,1.5774,3.5001,-1.8009,34.1017,85.28,0.06472,0.11324,53
B0003,128,1.5711,3.4921,-1.8175,34.2594,84.94,0.06488,0.10986,52
B0003,129,1.5919,3.4912,-1.8039,34.4038,86.07,0.06777,0.1164,51
B0003,130,1.583,3.4869,-1.8171,34.2898,85.58,0.06499,0.11417,50
B0003,131,1.5914,3.4983,-1.8074,34.4297,86.04,0.06646,0.11813,49
B0003,132,1.5837,3.4705,-1.8119,34.4076,85.62,0.06704,0.11685,48
B0003,133,1.5749,3.4945,-1.8174,34.3919,85.14,0.06609,0.12039,47
B0003,134,1.5825,3.497,-1.8123,34.1266,85.55,0.06802,0.11714,46
B0003,135,1.571,3.4959,-1.8089,34.5111,84.93,0.0671,0.11829,45
B0003,136,1.5585,3.5098,-1.8092,34.5059,84.26,0.06743,0.11499,44
B0003,137,1.5744,3.4808,-1.8095,34.2909,85.12,0.06574,0.11921,43
B0003,138,1.5666,3.4762,-1.816,34.3327,84.7,0.06745,0.11677,42
B0003,139,1.5637,3.4819,-1.8099,34.1835,84.54,0.06446,0.1239,41
B0003,140,1.5558,3.4888,-1.8008,34.1881,84.11,0.06684,0.12241,40
B0003,141,1.5639,3.4968,-1.8185,34.3393,84.55,0.06734,0.12124,39
B0003,142,1.5634,3.4755,-1.8124,34.6175,84.52,0.06805,0.12221,38
B0003,143,1.5383,3.4834,-1.8054,34.4232,83.16,0.06781,0.11696,37
B0003,144,1.5561,3.4917,-1.8105,34.7324,84.13,0.06772,0.124,36
B0003,145,1.5456,3.5021,-1.8034,34.3111,83.56,0.06965,0.12211,35
B0003,146,1.5515,3.4968,-1.8116,34.6156,83.88,0.06695,0.12277,34
B0003,147,1.5339,3.4706,-1.8096,34.9474,82.93,0.06804,0.12542,33
B0003,148,1.5317,3.4723,-1.801,34.7227,82.81,0.06818,0.12317,32
B0003,149,1.5406,3.4869,-1.8085,34.1907,83.29,0.069,0.12992,31
B0003,150,1.5101,3.4923,-1.8195,34.527,81.64,0.06802,0.1236,30
B0003,151,1.5156,3.4884,-1.8078,34.6707,81.94,0.07043,0.12485,29
B0003,152,1.5264,3.4759,-1.8142,34.1288,82.52,0.06912,0.13124,28
B0003,153,1.5209,3.4683,-1.8075,34.647,82.23,0.07056,0.12849,27
B0003,154,1.5136,3.4682,-1.8028,34.7056,81.83,0.06759,0.12878,26
B0003,155,1.5083,3.4902,-1.8164,34.5948,81.55,0.06998,0.1321,25
B0003,156,1.5169,3.4752,-1.8115,34.7412,82.01,0.06971,0.13115,24
B0003,157,1.5189,3.4851,-1.804,35.0567,82.12,0.06995,0.12889,23
B0003,158,1.5073,3.4903,-1.8014,34.8936,81.49,0.07183,0.13516,22
B0003,159,1.4962,3.4712,-1.8028,34.6702,80.89,0.07134,0.13153,21
B0003,160,1.5092,3.4789,-1.8118,34.5499,81.59,0.07195,0.1342,20
B0003,161,1.4972,3.4926,-1.8007,34.7762,80.94,0.07119,0.13404,19
B0003,162,1.4923,3.4793,-1.8099,34.8257,80.68,0.07073,0.13494,18
B0003,163,1.4993,3.4727,-1.8043,34.9443,81.06,0.0709,0.13605,17
B0003,164,1.4795,3.4606,-1.8103,34.4608,79.98,0.07123,0.13214,16
B0003,165,1.4948,3.4704,-1.8062,35.0998,80.81,0.07236,0.13622,15
B0003,166,1.492,3.4793,-1.8176,34.729,80.66,0.07352,0.14088,14
B0003,167,1.4784,3.4903,-1.8174,34.8988,79.93,0.07366,0.13457,13
B0003,168,1.4716,3.4666,-1.8189,35.0821,79.56,0.0738,0.13884,12
B0003,169,1.4756,3.4814,-1.8056,34.8742,79.77,0.07172,0.13759,11
B0003,170,1.4784,3.486,-1.8179,35.1855,79.93,0.07531,0.13979,10
B0003,171,1.4613,3.4832,-1.8023,34.5098,79.0,0.07407,0.13905,9
B0003,172,1.4657,3.4737,-1.8012,34.7148,79.24,0.07357,0.13757,8
B0003,173,1.4533,3.4662,-1.8096,34.7413,78.57,0.07399,0.14107,7
B0003,174,1.4603,3.4913,-1.815,34.7598,78.95,0.0748,0.13938,6
B0003,175,1.4449,3.4875,-1.807,34.8331,78.11,0.0723,0.13874,5
B0003,176,1.4668,3.479,-1.8081,35.3209,79.3,0.07383,0.14314,4
B0003,177,1.4525,3.4599,-1.82,35.1662,78.53,0.07385,0.14332,3
B0003,178,1.4451,3.487,-1.8114,34.5258,78.13,0.07517,0.1446,2
B0003,179,1.4444,3.4813,-1.804,34.8454,78.09,0.0761,0.14202,1
B0003,180,1.4287,3.4861,-1.8198,35.1946,77.24,0.07425,0.14792,0
B0004,1,1.8796,3.5372,-1.8131,32.1479,100.01,0.04524,0.06678,156
B0004,2,1.8896,3.5397,-1.82,32.3225,100.54,0.04462,0.06573,155
B0004,3,1.8838,3.5265,-1.8019,32.4977,100.23,0.0435,0.0678,154
B0004,4,1.8825,3.5134,-1.8167,32.7496,100.16,0.04509,0.06484,153
B0004,5,1.8826,3.51,-1.8029,32.2941,100.17,0.04573,0.06968,152
B0004,6,1.863,3.5126,-1.8125,32.3944,99.12,0.04577,0.06592,151
B0004,7,1.8723,3.5246,-1.8052,32.6851,99.62,0.04496,0.06837,150
B0004,8,1.8709,3.5165,-1.8192,32.4383,99.55,0.04481,0.06706,149
B0004,9,1.8717,3.5379,-1.8178,32.862,99.59,0.04576,0.0653,148
B0004,10,1.8595,3.5055,-1.8171,33.0253,98.93,0.04575,0.07024,147
B0004,11,1.8642,3.5092,-1.817,32.8502,99.19,0.04628,0.06698,146
B0004,12,1.8696,3.5119,-1.814,32.9228,99.48,0.04782,0.06768,145
B0004,13,1.8585,3.5193,-1.8164,32.4437,98.88,0.04789,0.06752,144
B0004,14,1.8656,3.5132,-1.8078,32.4804,99.26,0.04777,0.06644,143
B0004,15,1.8629,3.5029,-1.8138,32.9754,99.12,0.04668,0.06731,142
B0004,16,1.8548,3.5224,-1.8093,32.4479,98.69,0.04649,0.07113,141
B0004,17,1.8692,3.5365,-1.8024,32.6371,99.45,0.04673,0.07175,140
B0004,18,1.8581,3.528,-1.8115,32.6713,98.86,0.04597,0.07111,139
B0004,19,1.8505,3.5391,-1.8038,32.7334,98.46,0.04561,0.06955,138
B0004,20,1.844,3.5294,-1.8075,32.9924,98.11,0.04776,0.07253,137
B0004,21,1.848,3.5129,-1.805,32.9287,98.33,0.04759,0.07015,136
B0004,22,1.8575,3.5175,-1.8142,32.8358,98.83,0.04881,0.07129,135
B0004,23,1.8478,3.5175,-1.8059,32.7988,98.31,0.04841,0.07207,134
B0004,24,1.8529,3.5219,-1.809,32.7276,98.59,0.04852,0.07277,133
B0004,25,1.8317,3.5223,-1.807,32.7121,97.46,0.04973,0.07309,132
B0004,26,1.8336,3.5237,-1.8029,32.8584,97.56,0.04847,0.06858,131
B0004,27,1.836,3.5082,-1.8073,32.9184,97.69,0.04892,0.06963,130
B0004,28,1.8325,3.5188,-1.8009,33.0692,97.5,0.0475,0.07332,129
B0004,29,1.8294,3.5225,-1.808,32.8737,97.33,0.04894,0.07355,128
B0004,30,1.8221,3.5191,-1.8162,33.201,96.95,0.04824,0.07331,127
B0004,31,1.8187,3.5034,-1.8039,32.8013,96.76,0.05306,0.07124,126
B0004,32,1.8298,3.518,-1.8088,32.6985,97.36,0.04926,0.07231,125
B0004,33,1.8265,3.5275,-1.8052,32.9768,97.18,0.04819,0.07353,124
B0004,34,1.8066,3.5043,-1.8185,32.7437,96.12,0.05083,0.07432,123
B0004,35,1.8177,3.5228,-1.8176,32.6993,96.71,0.05066,0.07207,122
B0004,36,1.8114,3.4921,-1.811,32.9223,96.38,0.0506,0.0742,121
B0004,37,1.8121,3.5106,-1.8007,33.3263,96.42,0.05032,0.07497,120
B0004,38,1.8137,3.522,-1.8109,33.0012,96.5,0.0522,0.07385,119
B0004,39,1.8063,3.5039,-1.8078,33.1338,96.11,0.05188,0.07592,118
B0004,40,1.8171,3.5187,-1.818,32.8242,96.68,0.05032,0.07713,117
B0004,41,1.806,3.5183,-1.8175,33.261,96.09,0.05099,0.07749,116
B0004,42,1.8105,3.528,-1.8075,32.8367,96.33,0.05334,0.07818,115
B0004,43,1.8091,3.5123,-1.8049,33.1,96.26,0.05229,0.07851,114
B0004,44,1.7978,3.509,-1.817,33.4411,95.66,0.05096,0.07813,113
B0004,45,1.802,3.5068,-1.8193,33.1776,95.88,0.05311,0.07733,112
B0004,46,1.7967,3.5187,-1.8122,33.309,95.6,0.05273,0.07929,111
B0004,47,1.7843,3.5103,-1.8014,33.1371,94.93,0.05273,0.07999,110
B0004,48,1.7877,3.5003,-1.8139,33.6781,95.12,0.05385,0.07965,109
B0004,49,1.7835,3.5239,-1.8164,33.5192,94.89,0.05316,0.08088,108
B0004,50,1.7928,3.5196,-1.8111,33.4064,95.39,0.05232,0.07965,107
B0004,51,1.7995,3.5066,-1.8023,33.0288,95.74,0.05314,0.07918,106
B0004,52,1.7702,3.5026,-1.8099,33.1288,94.18,0.05479,0.08509,105
B0004,53,1.7708,3.523,-1.8018,33.1924,94.22,0.05387,0.08136,104
B0004,54,1.7678,3.5128,-1.8123,33.5779,94.06,0.05454,0.08232,103
B0004,55,1.7735,3.4838,-1.8024,33.3197,94.36,0.0543,0.08529,102
B0004,56,1.7712,3.507,-1.8028,33.2346,94.24,0.05581,0.07976,101
B0004,57,1.7722,3.5032,-1.8133,33.6126,94.29,0.05573,0.08252,100
B0004,58,1.7778,3.5179,-1.8003,33.1714,94.59,0.05487,0.08421,99
B0004,59,1.7691,3.4921,-1.8079,33.2757,94.12,0.05428,0.08371,98
B0004,60,1.7639,3.516,-1.8023,33.7916,93.85,0.05625,0.08193,97
B0004,61,1.7718,3.4909,-1.8144,33.465,94.27,0.0525,0.08696,96
B0004,62,1.7635,3.4999,-1.8148,33.3418,93.83,0.05585,0.08589,95
B0004,63,1.7589,3.5158,-1.8148,33.466,93.59,0.05669,0.08307,94
B0004,64,1.7441,3.5134,-1.8166,33.7955,92.79,0.05699,0.09125,93
B0004,65,1.7408,3.5066,-1.8002,33.7856,92.62,0.0549,0.0888,92
B0004,66,1.7373,3.4939,-1.8114,33.8561,92.44,0.05586,0.08746,91
B0004,67,1.7449,3.5093,-1.8099,33.3421,92.84,0.05482,0.09054,90
B0004,68,1.7635,3.5168,-1.8172,33.6386,93.83,0.05745,0.0894,89
B0004,69,1.7312,3.4797,-1.8027,33.3459,92.11,0.05622,0.09261,88
B0004,70,1.7419,3.5007,-1.8062,33.4566,92.68,0.056,0.0865,87
B0004,71,1.7375,3.4973,-1.8138,33.8481,92.45,0.05608,0.08863,86
B0004,72,1.7408,3.4947,-1.8064,33.6895,92.62,0.05551,0.09188,85
B0004,73,1.7266,3.5007,-1.8032,33.4404,91.87,0.05738,0.0922,84
B0004,74,1.7265,3.5135,-1.8185,33.61,91.86,0.05924,0.09146,83
B0004,75,1.7341,3.4912,-1.8118,33.7403,92.27,0.05717,0.09313,82
B0004,76,1.7243,3.5143,-1.804,33.5272,91.74,0.05718,0.094,81
B0004,77,1.7206,3.5095,-1.8128,33.8409,91.55,0.05866,0.09045,80
B0004,78,1.7173,3.5015,-1.8047,33.5569,91.37,0.05865,0.09104,79
B0004,79,1.7048,3.5112,-1.8017,33.7042,90.71,0.06071,0.09422,78
B0004,80,1.7056,3.4859,-1.8084,34.1943,90.75,0.06077,0.09517,77
B0004,81,1.6982,3.4815,-1.8164,33.7762,90.36,0.05876,0.09617,76
B0004,82,1.7118,3.5113,-1.8026,33.9454,91.08,0.05876,0.09447,75
B0004,83,1.7027,3.4923,-1.8085,33.9465,90.59,0.0604,0.09859,74
B0004,84,1.6845,3.4842,-1.8113,33.5965,89.63,0.05751,0.09798,73
B0004,85,1.6935,3.4884,-1.8107,33.7156,90.11,0.0612,0.09964,72
B0004,86,1.685,3.4906,-1.8178,33.531,89.65,0.06076,0.09977,71
B0004,87,1.6919,3.5163,-1.8058,33.6827,90.02,0.05991,0.09662,70
B0004,88,1.6927,3.5182,-1.8147,33.8697,90.06,0.06175,0.09726,69
B0004,89,1.676,3.503,-1.8004,34.0702,89.17,0.06149,0.10278,68
B0004,90,1.6842,3.5002,-1.8108,33.5535,89.61,0.06113,0.10338,67
B0004,91,1.696,3.4868,-1.8005,33.8627,90.24,0.0616,0.10301,66
B0004,92,1.6908,3.5086,-1.8146,33.8828,89.96,0.06126,0.10463,65
B0004,93,1.6777,3.506,-1.8108,33.8173,89.26,0.0619,0.10201,64
B0004,94,1.6609,3.4978,-1.8025,33.7006,88.37,0.06253,0.10263,63
B0004,95,1.6638,3.4803,-1.8132,34.1522,88.52,0.06275,0.10552,62
B0004,96,1.661,3.4869,-1.8163,33.8716,88.37,0.06208,0.10221,61
B0004,97,1.6573,3.4945,-1.8145,33.5836,88.18,0.06387,0.10594,60
B0004,98,1.6509,3.5018,-1.8159,34.051,87.84,0.06421,0.10908,59
B0004,99,1.6504,3.4934,-1.8044,34.3168,87.81,0.06312,0.10735,58
B0004,100,1.6457,3.4809,-1.8008,33.6871,87.56,0.06366,0.10898,57
B0004,101,1.6454,3.4893,-1.8158,33.8879,87.54,0.06257,0.10891,56
B0004,102,1.6445,3.4857,-1.8063,34.0943,87.5,0.06524,0.10594,55
B0004,103,1.6334,3.5017,-1.8129,34.069,86.91,0.06165,0.10665,54
B0004,104,1.6361,3.4786,-1.8069,34.4606,87.05,0.06383,0.11065,53
B0004,105,1.6359,3.4794,-1.8171,33.9018,87.04,0.06304,0.1124,52
B0004,106,1.6221,3.482,-1.8167,34.3882,86.31,0.06407,0.10863,51
B0004,107,1.6212,3.5015,-1.8147,34.0688,86.26,0.06513,0.1157,50
B0004,108,1.6189,3.5067,-1.8167,34.4041,86.13,0.06472,0.11462,49
B0004,109,1.6279,3.5103,-1.8114,34.0568,86.62,0.06525,0.11222,48
B0004,110,1.612,3.4966,-1.8149,34.0282,85.77,0.06447,0.11373,47
B0004,111,1.6187,3.4897,-1.8171,34.314,86.12,0.06684,0.11579,46
B0004,112,1.6086,3.4696,-1.8197,34.6038,85.59,0.06443,0.11801,45
B0004,113,1.615,3.5031,-1.8041,34.1622,85.93,0.06671,0.11295,44
B0004,114,1.6114,3.4958,-1.8124,33.9462,85.74,0.06521,0.11549,43
B0004,115,1.5908,3.4792,-1.8101,34.5464,84.64,0.0657,0.11838,42
B0004,116,1.588,3.4867,-1.8073,34.1399,84.49,0.06601,0.11584,41
B0004,117,1.6145,3.5042,-1.8081,34.5594,85.9,0.06667,0.11835,40
B0004,118,1.582,3.486,-1.8181,34.0505,84.17,0.0654,0.11637,39
B0004,119,1.5882,3.4755,-1.8008,34.6042,84.5,0.06777,0.11769,38
B0004,120,1.5907,3.4742,-1.8196,34.5736,84.63,0.06833,0.11891,37
B0004,121,1.6068,3.5014,-1.8153,34.5698,85.49,0.06748,0.1205,36
B0004,122,1.5925,3.4895,-1.8117,34.3327,84.73,0.06812,0.12267,35
B0004,123,1.5728,3.4697,-1.8001,34.5747,83.68,0.06723,0.11624,34
B0004,124,1.5551,3.4862,-1.8102,34.1249,82.74,0.06752,0.12625,33
B0004,125,1.5744,3.5099,-1.8091,34.3205,83.77,0.06807,0.12469,32
B0004,126,1.5755,3.5038,-1.8156,34.3738,83.83,0.06828,0.1223,31
B0004,127,1.5674,3.479,-1.8083,34.3807,83.4,0.0681,0.12814,30
B0004,128,1.5725,3.4932,-1.8077,34.7476,83.66,0.06968,0.12737,29
B0004,129,1.5641,3.4861,-1.8144,34.4236,83.22,0.07062,0.1248,28
B0004,130,1.5661,3.4748,-1.8042,34.6497,83.32,0.06811,0.12631,27
B0004,131,1.5568,3.4894,-1.8011,34.6515,82.83,0.06857,0.12471,26
B0004,132,1.5507,3.4768,-1.8039,34.8176,82.51,0.07133,0.12928,25
B0004,133,1.547,3.4872,-1.8014,34.6876,82.31,0.07237,0.13138,24
B0004,134,1.5587,3.4879,-1.8099,34.6716,82.93,0.0723,0.12814,23
B0004,135,1.5405,3.4878,-1.8008,34.6942,81.96,0.06935,0.13138,22
B0004,136,1.5354,3.4881,-1.8004,34.825,81.69,0.06996,0.13268,21
B0004,137,1.5357,3.482,-1.8029,34.8105,81.71,0.07095,0.12969,20
B0004,138,1.5258,3.4658,-1.8075,34.5426,81.18,0.07065,0.13336,19
B0004,139,1.5215,3.4885,-1.8175,34.7704,80.95,0.06996,0.13464,18
B0004,140,1.5199,3.482,-1.8037,35.0538,80.87,0.0706,0.13322,17
B0004,141,1.5201,3.4742,-1.8102,34.8699,80.88,0.06933,0.13632,16
B0004,142,1.5195,3.4715,-1.8152,34.727,80.85,0.07303,0.13528,15
B0004,143,1.5148,3.4885,-1.8108,34.6078,80.6,0.0718,0.13542,14
B0004,144,1.5106,3.484,-1.8111,34.9314,80.37,0.07214,0.14125,13
B0004,145,1.5122,3.4899,-1.8196,34.666,80.46,0.07223,0.1345,12
B0004,146,1.5086,3.4873,-1.819,35.066,80.27,0.07386,0.13565,11
B0004,147,1.502,3.4726,-1.8184,34.5245,79.91,0.07423,0.13742,10
B0004,148,1.4916,3.4856,-1.8068,35.2361,79.36,0.07292,0.1365,9
B0004,149,1.5023,3.4738,-1.8143,34.7509,79.93,0.07392,0.14191,8
B0004,150,1.4881,3.4858,-1.8073,34.8511,79.18,0.07514,0.14102,7
B0004,151,1.4905,3.489,-1.8011,34.9281,79.31,0.07319,0.14313,6
B0004,152,1.4879,3.4888,-1.8169,34.7319,79.17,0.07402,0.14157,5
B0004,153,1.4899,3.4708,-1.8033,34.9582,79.27,0.0741,0.14031,4
B0004,154,1.4568,3.4681,-1.8081,34.7099,77.51,0.07552,0.14354,3
B0004,155,1.4656,3.485,-1.8169,34.8531,77.98,0.07559,0.14795,2
B0004,156,1.4726,3.4703,-1.8016,34.9919,78.35,0.07531,0.14637,1
B0004,157,1.4752,3.4736,-1.813,35.067,78.49,0.07445,0.14649,0
B0005,1,1.8433,3.524,-1.8179,32.5251,99.85,0.04302,0.06581,172
B0005,2,1.8358,3.5242,-1.8031,32.488,99.44,0.0444,0.06796,171
B0005,3,1.8383,3.5271,-1.8049,32.6378,99.58,0.04406,0.06791,170
B0005,4,1.8477,3.5205,-1.8196,32.3831,100.09,0.04337,0.06827,169
B0005,5,1.8272,3.5177,-1.8176,32.7694,98.98,0.04484,0.06984,168
B0005,6,1.833,3.5301,-1.8069,32.546,99.29,0.04506,0.06521,167
B0005,7,1.8334,3.5229,-1.8048,32.7481,99.31,0.04381,0.06911,166
B0005,8,1.8501,3.5313,-1.8122,32.8576,100.21,0.04416,0.07039,165
B0005,9,1.8327,3.5143,-1.8055,32.4737,99.27,0.0441,0.06776,164
B0005,10,1.8266,3.5085,-1.8127,32.5512,98.94,0.04616,0.06841,163
B0005,11,1.8399,3.5166,-1.8144,32.9619,99.66,0.04592,0.07282,162
B0005,12,1.8227,3.5404,-1.8128,32.4714,98.73,0.0447,0.06905,161
B0005,13,1.8399,3.5307,-1.8151,32.7789,99.66,0.04267,0.06971,160
B0005,14,1.8353,3.5204,-1.8035,32.7689,99.42,0.04342,0.06862,159
B0005,15,1.8318,3.5286,-1.8199,32.7221,99.23,0.04504,0.06959,158
B0005,16,1.8329,3.5316,-1.8107,32.5811,99.28,0.04341,0.07376,157
B0005,17,1.8459,3.5155,-1.8099,32.8071,99.98,0.04399,0.06623,156
B0005,18,1.8168,3.5353,-1.8094,32.5539,98.41,0.04655,0.07118,155
B0005,19,1.8264,3.5373,-1.8144,32.7836,98.93,0.04436,0.07215,154
B0005,20,1.829,3.5341,-1.8134,32.5604,99.07,0.04695,0.07269,153
B0005,21,1.8182,3.5318,-1.8188,32.9022,98.49,0.04711,0.07034,152
B0005,22,1.828,3.51,-1.8121,32.5858,99.02,0.04714,0.07107,151
B0005,23,1.8322,3.5199,-1.8002,32.681,99.24,0.04534,0.07156,150
B0005,24,1.8181,3.5327,-1.8088,32.8745,98.48,0.04736,0.06841,149
B0005,25,1.8275,3.5171,-1.8006,32.8478,98.99,0.04713,0.07196,148
B0005,26,1.8183,3.5322,-1.8119,32.4671,98.49,0.04524,0.07064,147
B0005,27,1.8207,3.5111,-1.8038,32.5344,98.62,0.04639,0.07294,146
B0005,28,1.8091,3.5217,-1.8177,32.9899,97.99,0.04841,0.07359,145
B0005,29,1.806,3.5005,-1.8161,32.8884,97.82,0.04654,0.07755,144
B0005,30,1.8022,3.516,-1.8156,33.0355,97.62,0.04937,0.07197,143
B0005,31,1.8066,3.5067,-1.8105,32.657,97.86,0.04692,0.07214,142
B0005,32,1.8016,3.5052,-1.804,32.9983,97.59,0.04846,0.07542,141
B0005,33,1.7962,3.5043,-1.8041,32.8806,97.3,0.04773,0.07314,140
B0005,34,1.8017,3.5322,-1.8022,32.8379,97.59,0.04925,0.07458,139
B0005,35,1.8058,3.4939,-1.8088,32.9774,97.81,0.04893,0.07457,138
B0005,36,1.8032,3.513,-1.8189,33.3021,97.68,0.04895,0.07081,137
B0005,37,1.8003,3.5115,-1.8061,32.9292,97.52,0.04828,0.07298,136
B0005,38,1.8047,3.5039,-1.8146,32.9827,97.76,0.04888,0.07563,135
B0005,39,1.7818,3.5082,-1.8106,32.8374,96.51,0.04934,0.07643,134
B0005,40,1.7915,3.5124,-1.8146,32.8994,97.04,0.04748,0.07539,133
B0005,41,1.7832,3.5285,-1.8127,33.1631,96.59,0.04934,0.07859,132
B0005,42,1.7827,3.53,-1.8047,32.9052,96.56,0.04977,0.07477,131
B0005,43,1.7874,3.5079,-1.8177,33.3479,96.82,0.05047,0.07733,130
B0005,44,1.7871,3.5244,-1.806,33.2557,96.8,0.04957,0.07845,129
B0005,45,1.7742,3.5093,-1.8019,33.1818,96.1,0.04929,0.08239,128
B0005,46,1.7813,3.5103,-1.8118,33.4443,96.49,0.05108,0.07963,127
B0005,47,1.7707,3.5061,-1.8152,33.0376,95.91,0.05116,0.07788,126
B0005,48,1.7793,3.5036,-1.8051,33.3443,96.38,0.05025,0.07756,125
B0005,49,1.7745,3.5023,-1.8131,33.2487,96.12,0.052,0.07809,124
B0005,50,1.7614,3.518,-1.8138,33.291,95.41,0.05229,0.08495,123
B0005,51,1.7601,3.5142,-1.8088,33.2496,95.34,0.04909,0.08151,122
B0005,52,1.7524,3.5089,-1.8139,33.3562,94.92,0.05074,0.08235,121
B0005,53,1.7455,3.5147,-1.8029,33.192,94.55,0.05208,0.08244,120
B0005,54,1.7645,3.5273,-1.8182,33.0292,95.58,0.05092,0.07934,119
B0005,55,1.7574,3.5089,-1.8011,33.0956,95.19,0.05323,0.07972,118
B0005,56,1.7523,3.5063,-1.8088,33.1123,94.92,0.05222,0.08206,117
B0005,57,1.7426,3.4936,-1.8167,33.1503,94.39,0.05201,0.08046,116
B0005,58,1.7438,3.5113,-1.8109,33.5322,94.46,0.05131,0.08373,115
B0005,59,1.7485,3.4847,-1.8054,33.5846,94.71,0.05205,0.08452,114
B0005,60,1.7365,3.5031,-1.8143,33.4387,94.06,0.05217,0.08548,113
B0005,61,1.7475,3.4961,-1.8156,33.487,94.66,0.05259,0.08272,112
B0005,62,1.7428,3.5076,-1.819,33.0225,94.4,0.05257,0.08769,111
B0005,63,1.7392,3.5174,-1.8028,33.7842,94.21,0.05467,0.0842,110
B0005,64,1.7527,3.5009,-1.8119,33.5673,94.94,0.05401,0.08423,109
B0005,65,1.7336,3.5048,-1.8168,33.578,93.9,0.05269,0.08497,108
B0005,66,1.7476,3.5034,-1.8145,33.5429,94.66,0.05305,0.08652,107
B0005,67,1.7339,3.4959,-1.8121,33.3205,93.92,0.05412,0.08675,106
B0005,68,1.7262,3.5137,-1.8113,33.2487,93.51,0.05325,0.08708,105
B0005,69,1.7203,3.4926,-1.8136,33.4106,93.18,0.0536,0.08926,104
B0005,70,1.731,3.5029,-1.8021,33.4463,93.76,0.05448,0.08556,103
B0005,71,1.7307,3.4952,-1.8154,33.6929,93.75,0.0542,0.08576,102
B0005,72,1.7088,3.4919,-1.8165,33.3642,92.56,0.05514,0.08871,101
B0005,73,1.7136,3.4898,-1.8158,33.5419,92.82,0.05574,0.09064,100
B0005,74,1.712,3.5027,-1.8181,33.6259,92.74,0.05686,0.08752,99
B0005,75,1.7251,3.5057,-1.8038,33.7632,93.44,0.05506,0.09016,98
B0005,76,1.7072,3.4944,-1.8196,33.7125,92.47,0.05702,0.09141,97
B0005,77,1.725,3.4976,-1.8059,33.6398,93.44,0.05439,0.09235,96
B0005,78,1.6978,3.5036,-1.8106,33.3177,91.96,0.05599,0.09243,95
B0005,79,1.7055,3.4892,-1.805,33.847,92.38,0.05618,0.09446,94
B0005,80,1.7086,3.4938,-1.8194,33.906,92.55,0.05573,0.0942,93
B0005,81,1.7018,3.5184,-1.8131,33.7862,92.18,0.05561,0.09659,92
B0005,82,1.6889,3.4991,-1.8039,33.467,91.48,0.05533,0.09046,91
B0005,83,1.6909,3.4912,-1.8129,33.972,91.59,0.05536,0.09318,90
B0005,84,1.6871,3.4869,-1.817,33.8183,91.38,0.05677,0.09943,89
B0005,85,1.6814,3.5213,-1.8147,33.8937,91.08,0.05548,0.09225,88
B0005,86,1.6802,3.5119,-1.8196,33.4846,91.01,0.05679,0.09806,87
B0005,87,1.6734,3.4998,-1.8102,33.4594,90.64,0.05743,0.09744,86
B0005,88,1.6732,3.5028,-1.808,33.5188,90.63,0.05767,0.09777,85
B0005,89,1.6852,3.4918,-1.8075,33.3889,91.28,0.05781,0.09593,84
B0005,90,1.6736,3.4966,-1.8047,33.875,90.65,0.0599,0.09944,83
B0005,91,1.655,3.4912,-1.8182,33.9867,89.65,0.05795,0.09485,82
B0005,92,1.6658,3.5014,-1.8187,33.6083,90.23,0.05948,0.09491,81
B0005,93,1.6625,3.5077,-1.8118,33.7418,90.05,0.05821,0.10215,80
B0005,94,1.6632,3.5107,-1.8024,33.6929,90.09,0.05938,0.10295,79
B0005,95,1.6667,3.5051,-1.8143,33.7488,90.28,0.05887,0.09806,78
B0005,96,1.6549,3.5158,-1.8175,34.2594,89.64,0.0608,0.10026,77
B0005,97,1.6532,3.5031,-1.8049,33.9353,89.55,0.05879,0.10138,76
B0005,98,1.6607,3.5091,-1.8035,33.9752,89.96,0.0591,0.10196,75
B0005,99,1.6649,3.4967,-1.8074,34.0264,90.18,0.05923,0.10522,74
B0005,100,1.6475,3.4886,-1.8023,33.704,89.24,0.05967,0.1048,73
B0005,101,1.6483,3.504,-1.8158,33.9056,89.29,0.06023,0.10358,72
B0005,102,1.6535,3.4883,-1.8124,34.0437,89.56,0.06086,0.10504,71
B0005,103,1.6315,3.4679,-1.8037,34.0436,88.37,0.06242,0.10672,70
B0005,104,1.6413,3.4927,-1.8119,33.8532,88.9,0.05958,0.104,69
B0005,105,1.6365,3.4913,-1.8171,34.2497,88.65,0.06214,0.10416,68
B0005,106,1.6284,3.5055,-1.8112,33.7513,88.21,0.0605,0.10428,67
B0005,107,1.6446,3.5025,-1.8068,34.0098,89.08,0.06163,0.11102,66
B0005,108,1.6347,3.4856,-1.8017,33.9464,88.54,0.06212,0.10766,65
B0005,109,1.6264,3.4803,-1.8056,33.9597,88.1,0.06209,0.10616,64
B0005,110,1.6261,3.486,-1.8007,34.0586,88.08,0.06118,0.10554,63
B0005,111,1.6194,3.4844,-1.8048,34.0996,87.72,0.06143,0.10777,62
B0005,112,1.6156,3.4994,-1.8143,34.4104,87.51,0.06234,0.1071,61
B0005,113,1.61,3.5067,-1.8168,34.2595,87.21,0.06294,0.10716,60
B0005,114,1.6209,3.4902,-1.8194,34.3549,87.8,0.06217,0.10813,59
B0005,115,1.6223,3.5056,-1.8192,34.3126,87.87,0.06281,0.10961,58
B0005,116,1.6061,3.4891,-1.8161,34.0186,87.0,0.06294,0.1081,57
B0005,117,1.6085,3.5039,-1.8012,34.0739,87.13,0.06352,0.1091,56
B0005,118,1.6051,3.5123,-1.8102,34.1226,86.94,0.06356,0.11669,55
B0005,119,1.5997,3.5026,-1.8134,34.2503,86.65,0.06159,0.11677,54
B0005,120,1.5964,3.5068,-1.8109,34.3236,86.47,0.06398,0.11235,53
B0005,121,1.5923,3.4808,-1.8162,34.5951,86.25,0.06485,0.11398,52
B0005,122,1.5784,3.4787,-1.8119,34.2299,85.5,0.06406,0.11313,51
B0005,123,1.5873,3.4873,-1.8181,34.4991,85.98,0.06318,0.11907,50
B0005,124,1.5959,3.4897,-1.8188,34.1144,86.44,0.0641,0.11606,49
B0005,125,1.5784,3.4949,-1.8127,34.1682,85.5,0.06506,0.11793,48
B0005,126,1.5868,3.481,-1.8091,34.3306,85.95,0.06309,0.11293,47
B0005,127,1.5817,3.4937,-1.8106,34.2219,85.68,0.0654,0.11596,46
B0005,128,1.577,3.4748,-1.8158,34.0419,85.42,0.0662,0.12083,45
B0005,129,1.5707,3.472,-1.8072,34.1416,85.08,0.06536,0.11747,44
B0005,130,1.5734,3.4931,-1.8177,34.27,85.23,0.0666,0.11761,43
B0005,131,1.5761,3.5036,-1.8078,34.2586,85.37,0.06507,0.12214,42
B0005,132,1.5672,3.4924,-1.8123,34.4613,84.89,0.06344,0.12009,41
B0005,133,1.5494,3.4701,-1.8026,34.4192,83.93,0.06746,0.12344,40
B0005,134,1.574,3.4807,-1.8101,34.2655,85.26,0.06592,0.12413,39
B0005,135,1.5583,3.4976,-1.8178,34.4658,84.41,0.06803,0.12283,38
B0005,136,1.5635,3.4879,-1.8011,34.305,84.69,0.0671,0.12104,37
B0005,137,1.5395,3.4906,-1.8143,34.3306,83.39,0.06502,0.12437,36
B0005,138,1.5611,3.4876,-1.809,34.7547,84.56,0.0685,0.12537,35
B0005,139,1.5437,3.4829,-1.8032,34.5665,83.62,0.06681,0.12452,34
B0005,140,1.5296,3.476,-1.8002,34.2556,82.86,0.06553,0.12274,33
B0005,141,1.5302,3.4822,-1.8068,34.4325,82.88,0.06686,0.12687,32
B0005,142,1.5169,3.4879,-1.8067,34.397,82.17,0.06761,0.12424,31
B0005,143,1.5295,3.4831,-1.817,34.8771,82.85,0.06957,0.12741,30
B0005,144,1.5221,3.4891,-1.8065,34.4253,82.45,0.06819,0.12923,29
B0005,145,1.5225,3.4988,-1.8176,34.7873,82.47,0.06989,0.12989,28
B0005,146,1.517,3.4723,-1.8075,34.5654,82.17,0.06919,0.12988,27
B0005,147,1.5228,3.4781,-1.8136,34.7629,82.49,0.06749,0.12731,26
B0005,148,1.5117,3.4727,-1.807,35.0661,81.88,0.06891,0.13301,25
B0005,149,1.5054,3.4934,-1.8135,34.9095,81.54,0.06876,0.13132,24
B0005,150,1.5083,3.4682,-1.8133,34.5872,81.7,0.07016,0.1291,23
B0005,151,1.5115,3.4822,-1.8136,34.8173,81.88,0.06876,0.13307,22
B0005,152,1.4972,3.4786,-1.8076,34.8724,81.1,0.07042,0.13586,21
B0005,153,1.5168,3.4799,-1.8026,34.6488,82.16,0.06966,0.1358,20
B0005,154,1.4862,3.4887,-1.8007,34.516,80.51,0.06992,0.13678,19
B0005,155,1.4772,3.4881,-1.8051,34.7121,80.02,0.07063,0.13357,18
B0005,156,1.4951,3.4888,-1.8062,34.833,80.98,0.0708,0.13303,17
B0005,157,1.4829,3.4649,-1.8089,35.0468,80.33,0.07169,0.13583,16
B0005,158,1.4844,3.4676,-1.8009,34.6065,80.41,0.07051,0.13671,15
B0005,159,1.4834,3.4935,-1.8199,34.9292,80.35,0.07156,0.13812,14
B0005,160,1.4859,3.4831,-1.8158,34.933,80.49,0.07105,0.14019,13
B0005,161,1.4751,3.4689,-1.8107,34.9387,79.9,0.07044,0.14041,12
B0005,162,1.4788,3.4641,-1.8115,34.727,80.1,0.0724,0.13753,11
B0005,163,1.4767,3.4594,-1.8122,35.0998,79.99,0.07244,0.14166,10
B0005,164,1.4563,3.4659,-1.8058,34.9002,78.89,0.07093,0.13851,9
B0005,165,1.473,3.478,-1.8109,34.6006,79.79,0.07069,0.14215,8
B0005,166,1.4563,3.4694,-1.8156,35.0765,78.88,0.07272,0.14234,7
B0005,167,1.4488,3.4666,-1.8192,34.7591,78.48,0.07318,0.14249,6
B0005,168,1.452,3.46,-1.8012,35.1817,78.65,0.07235,0.14231,5
B0005,169,1.4665,3.4741,-1.811,35.1397,79.44,0.07359,0.14221,4
B0005,170,1.4459,3.4602,-1.8025,34.7118,78.32,0.07201,0.14579,3
B0005,171,1.4296,3.4943,-1.8086,34.9285,77.44,0.07214,0.14436,2
B0005,172,1.4486,3.4801,-1.8197,34.8658,78.47,0.07369,0.14925,1
B0005,173,1.4327,3.4632,-1.8118,34.8089,77.61,0.07414,0.14753,0
B0006,1,1.8506,3.5212,-1.8091,32.6897,100.14,0.04148,0.0672,169
B0006,2,1.8357,3.527,-1.8179,32.6607,99.34,0.04093,0.07375,168
B0006,3,1.8563,3.521,-1.8112,32.5256,100.45,0.04137,0.06621,167
B0006,4,1.8423,3.5353,-1.8085,32.46,99.7,0.04318,0.06618,166
B0006,5,1.8495,3.5259,-1.8117,32.5795,100.08,0.04282,0.06895,165
B0006,6,1.8379,3.5246,-1.8164,32.2612,99.46,0.04154,0.07333,164
B0006,7,1.8389,3.52,-1.8176,32.5106,99.51,0.04334,0.07121,163
B0006,8,1.8548,3.5251,-1.802,32.3016,100.37,0.04403,0.06561,162
B0006,9,1.8427,3.5363,-1.8189,32.7906,99.72,0.0445,0.07176,161
B0006,10,1.8239,3.5098,-1.8024,32.5129,98.7,0.04359,0.06982,160
B0006,11,1.8456,3.5149,-1.8021,32.8919,99.88,0.04297,0.07071,159
B0006,12,1.844,3.5159,-1.8016,32.9092,99.78,0.04394,0.07079,158
B0006,13,1.8273,3.5255,-1.8044,32.7023,98.89,0.04308,0.06967,157
B0006,14,1.8229,3.5179,-1.8145,32.5465,98.64,0.04359,0.072,156
B0006,15,1.8363,3.5346,-1.8063,32.4095,99.37,0.04375,0.06842,155
B0006,16,1.8295,3.5098,-1.8061,32.4272,99.01,0.0449,0.07411,154
B0006,17,1.82,3.5248,-1.8076,32.8651,98.49,0.04304,0.07294,153
B0006,18,1.8274,3.5196,-1.8154,32.6434,98.89,0.04541,0.07275,152
B0006,19,1.8212,3.5089,-1.8178,33.0146,98.56,0.04598,0.07239,151
B0006,20,1.8263,3.5382,-1.8004,32.5494,98.83,0.04426,0.0716,150
B0006,21,1.8234,3.5378,-1.812,32.76,98.67,0.04476,0.07232,149
B0006,22,1.8218,3.5156,-1.801,32.4048,98.58,0.04348,0.07708,148
B0006,23,1.821,3.5244,-1.8063,32.9678,98.54,0.04737,0.07006,147
B0006,24,1.8129,3.5237,-1.8137,32.5994,98.1,0.04396,0.06979,146
B0006,25,1.8172,3.5419,-1.8005,32.7359,98.34,0.04666,0.07622,145
B0006,26,1.8159,3.5339,-1.8122,32.6422,98.27,0.04437,0.07646,144
B0006,27,1.8029,3.5246,-1.8139,33.3257,97.56,0.04584,0.07137,143
B0006,28,1.8176,3.5047,-1.8166,33.0053,98.36,0.04775,0.07645,142
B0006,29,1.8192,3.5139,-1.8078,33.1262,98.45,0.04652,0.07316,141
B0006,30,1.7959,3.5271,-1.8092,32.8382,97.18,0.04532,0.07477,140
B0006,31,1.81,3.5285,-1.815,33.0191,97.95,0.04523,0.07833,139
B0006,32,1.7989,3.516,-1.8007,32.6717,97.34,0.04582,0.07284,138
B0006,33,1.8206,3.499,-1.8161,33.3459,98.52,0.04536,0.0733,137
B0006,34,1.7998,3.5019,-1.8153,33.0499,97.39,0.04843,0.07821,136
B0006,35,1.8008,3.518,-1.8159,32.8256,97.45,0.04493,0.07728,135
B0006,36,1.787,3.4932,-1.8162,32.9454,96.7,0.04617,0.07816,134
B0006,37,1.789,3.5024,-1.8168,32.8024,96.81,0.0463,0.07887,133
B0006,38,1.8068,3.5099,-1.8141,33.163,97.77,0.04867,0.08331,132
B0006,39,1.7873,3.5107,-1.8095,32.7843,96.72,0.04854,0.07387,131
B0006,40,1.7771,3.5159,-1.8059,33.1499,96.17,0.04779,0.07655,130
B0006,41,1.7827,3.4902,-1.8066,32.8292,96.47,0.04918,0.08097,129
B0006,42,1.7775,3.5326,-1.815,33.522,96.19,0.04853,0.07641,128
B0006,43,1.7778,3.5107,-1.8178,32.9923,96.2,0.0473,0.08215,127
B0006,44,1.775,3.5185,-1.812,32.8151,96.05,0.05123,0.07979,126
B0006,45,1.7713,3.5127,-1.8061,32.8945,95.85,0.04998,0.08058,125
B0006,46,1.7709,3.5214,-1.8194,33.2942,95.83,0.04837,0.08113,124
B0006,47,1.767,3.495,-1.8132,33.0824,95.62,0.04826,0.08214,123
B0006,48,1.795,3.5129,-1.8027,33.3417,97.13,0.05057,0.07802,122
B0006,49,1.7602,3.4984,-1.8035,32.976,95.25,0.04995,0.08001,121
B0006,50,1.7543,3.5109,-1.8043,33.2001,94.94,0.04948,0.08432,120
B0006,51,1.7592,3.5134,-1.8106,33.5425,95.2,0.05137,0.08188,119
B0006,52,1.7569,3.5118,-1.8034,32.9999,95.07,0.05066,0.08258,118
B0006,53,1.7515,3.4998,-1.8168,33.4613,94.78,0.04963,0.08103,117
B0006,54,1.7606,3.503,-1.8111,33.3699,95.27,0.04991,0.08554,116
B0006,55,1.7537,3.5085,-1.8122,33.2563,94.9,0.05037,0.08148,115
B0006,56,1.7505,3.4855,-1.8067,33.5192,94.73,0.04931,0.08529,114
B0006,57,1.7638,3.5162,-1.8059,33.4509,95.45,0.05013,0.08503,113
B0006,58,1.7406,3.5241,-1.8083,33.2224,94.19,0.05096,0.08506,112
B0006,59,1.7484,3.5008,-1.819,33.509,94.61,0.04891,0.08586,111
B0006,60,1.7332,3.4945,-1.8154,33.0404,93.79,0.05187,0.08636,110
B0006,61,1.7478,3.4949,-1.8028,33.678,94.58,0.05088,0.08553,109
B0006,62,1.7422,3.5038,-1.8146,33.1286,94.28,0.05022,0.08681,108
B0006,63,1.7242,3.5119,-1.8177,33.6425,93.31,0.05255,0.08529,107
B0006,64,1.7304,3.4981,-1.8009,33.4133,93.64,0.05208,0.08835,106
B0006,65,1.7375,3.4977,-1.8166,33.4978,94.03,0.05321,0.08262,105
B0006,66,1.7342,3.5259,-1.8199,33.4039,93.85,0.05277,0.0911,104
B0006,67,1.7224,3.4998,-1.8173,33.4085,93.21,0.05273,0.08712,103
B0006,68,1.7351,3.4906,-1.8144,33.8218,93.89,0.05309,0.0879,102
B0006,69,1.7286,3.502,-1.8062,33.4911,93.54,0.05282,0.09074,101
B0006,70,1.7217,3.5082,-1.8169,33.4352,93.17,0.05404,0.08993,100
B0006,71,1.7184,3.5133,-1.8196,33.5938,92.99,0.05488,0.09014,99
B0006,72,1.7147,3.5136,-1.8106,33.9516,92.79,0.05505,0.08951,98
B0006,73,1.7075,3.5077,-1.8125,33.5043,92.4,0.05434,0.09381,97
B0006,74,1.7095,3.5009,-1.8187,33.6976,92.51,0.05325,0.08867,96
B0006,75,1.7052,3.5068,-1.802,33.5718,92.28,0.05494,0.09323,95
B0006,76,1.7118,3.4919,-1.8028,33.2559,92.63,0.0528,0.09002,94
B0006,77,1.7002,3.4977,-1.8156,33.6312,92.01,0.05399,0.09316,93
B0006,78,1.6937,3.5153,-1.8031,33.4268,91.65,0.05459,0.09415,92
B0006,79,1.7006,3.5043,-1.8069,33.3895,92.03,0.05515,0.09781,91
B0006,80,1.6913,3.4929,-1.8063,33.6058,91.53,0.05546,0.09463,90
B0006,81,1.6918,3.5149,-1.801,33.9216,91.55,0.05604,0.09512,89
B0006,82,1.6916,3.5155,-1.8143,33.7004,91.54,0.05406,0.09289,88
B0006,83,1.6841,3.4971,-1.8109,33.8322,91.13,0.05549,0.09552,87
B0006,84,1.678,3.4907,-1.8093,33.6109,90.8,0.05613,0.09364,86
B0006,85,1.685,3.4839,-1.8083,33.6198,91.18,0.05503,0.09881,85
B0006,86,1.669,3.5092,-1.8113,33.7044,90.32,0.0538,0.09699,84
B0006,87,1.683,3.503,-1.8038,33.9684,91.08,0.0583,0.1021,83
B0006,88,1.6765,3.5034,-1.8093,33.6119,90.72,0.05536,0.09721,82
B0006,89,1.6826,3.493,-1.8162,33.7465,91.05,0.0576,0.09591,81
B0006,90,1.6805,3.5003,-1.8007,34.1232,90.94,0.05769,0.09999,80
B0006,91,1.6761,3.4997,-1.8099,33.5751,90.7,0.05592,0.09897,79
B0006,92,1.6598,3.4896,-1.8022,34.2466,89.82,0.05784,0.10295,78
B0006,93,1.6616,3.4883,-1.8122,34.1515,89.92,0.05739,0.10358,77
B0006,94,1.6658,3.485,-1.8165,33.9917,90.15,0.05914,0.10084,76
B0006,95,1.6703,3.5024,-1.8116,34.0042,90.39,0.05796,0.10249,75
B0006,96,1.6555,3.4851,-1.8175,33.5415,89.59,0.05728,0.10072,74
B0006,97,1.6497,3.5083,-1.8134,33.8002,89.27,0.05743,0.10256,73
B0006,98,1.6533,3.5185,-1.8167,34.0807,89.47,0.05832,0.10473,72
B0006,99,1.6456,3.4906,-1.8118,34.0532,89.05,0.05735,0.104,71
B0006,100,1.6397,3.5044,-1.8138,33.951,88.73,0.05797,0.10346,70
B0006,101,1.6235,3.4866,-1.8188,33.794,87.85,0.06063,0.10574,69
B0006,102,1.6434,3.4939,-1.8175,33.9018,88.93,0.06078,0.10428,68
B0006,103,1.6307,3.499,-1.8046,33.8482,88.25,0.0595,0.10688,67
B0006,104,1.6362,3.4883,-1.8069,33.9698,88.54,0.05912,0.10967,66
B0006,105,1.6236,3.4868,-1.8134,33.8402,87.86,0.05778,0.10981,65
B0006,106,1.6351,3.491,-1.8011,34.0451,88.48,0.05856,0.11176,64
B0006,107,1.6255,3.487,-1.8069,34.0438,87.96,0.06111,0.10959,63
B0006,108,1.6271,3.4918,-1.8157,34.0127,88.05,0.06015,0.10932,62
B0006,109,1.6122,3.5003,-1.8087,34.358,87.24,0.06172,0.11031,61
B0006,110,1.6132,3.4737,-1.8015,33.8522,87.3,0.06032,0.11161,60
B0006,111,1.6203,3.4925,-1.8136,34.3074,87.68,0.05949,0.11029,59
B0006,112,1.6043,3.4858,-1.8146,34.3406,86.82,0.06187,0.10983,58
B0006,113,1.6068,3.4783,-1.8017,34.3778,86.95,0.0619,0.109,57
B0006,114,1.6026,3.5021,-1.8089,34.5507,86.73,0.06272,0.11605,56
B0006,115,1.5988,3.49,-1.8034,33.8801,86.52,0.06118,0.11452,55
B0006,116,1.5942,3.4987,-1.8168,34.1421,86.27,0.06425,0.11451,54
B0006,117,1.5963,3.4861,-1.8071,34.129,86.38,0.0605,0.11382,53
B0006,118,1.5977,3.4775,-1.8027,34.565,86.46,0.06292,0.1147,52
B0006,119,1.5961,3.4738,-1.8135,34.4095,86.37,0.06271,0.11302,51
B0006,120,1.5878,3.4937,-1.811,34.1627,85.92,0.06349,0.11576,50
B0006,121,1.5824,3.4839,-1.8184,34.2995,85.63,0.06416,0.11845,49
B0006,122,1.5989,3.4909,-1.8049,34.4592,86.52,0.06342,0.11961,48
B0006,123,1.5666,3.4909,-1.8159,34.2625,84.77,0.06356,0.11815,47
B0006,124,1.5928,3.5032,-1.8178,34.584,86.19,0.06297,0.11653,46
B0006,125,1.5697,3.4858,-1.8084,34.2305,84.94,0.0629,0.12302,45
B0006,126,1.5855,3.4735,-1.8149,34.1039,85.8,0.06419,0.11888,44
B0006,127,1.5726,3.4881,-1.8124,34.2093,85.1,0.06439,0.12012,43
B0006,128,1.5813,3.5044,-1.8109,34.4264,85.57,0.06303,0.1197,42
B0006,129,1.5596,3.4999,-1.8194,34.1666,84.4,0.0637,0.12044,41
B0006,130,1.5575,3.4886,-1.8192,34.3565,84.28,0.06442,0.12541,40
B0006,131,1.5581,3.4802,-1.8121,34.4784,84.32,0.06413,0.1244,39
B0006,132,1.5682,3.4752,-1.8023,34.6478,84.86,0.06447,0.12298,38
B0006,133,1.5727,3.4984,-1.8159,34.4486,85.11,0.06626,0.12314,37
B0006,134,1.5652,3.4806,-1.812,34.8102,84.7,0.06472,0.12369,36
B0006,135,1.5572,3.4856,-1.8026,34.5453,84.27,0.06454,0.12564,35
B0006,136,1.5356,3.4968,-1.8173,34.4033,83.1,0.06358,0.12523,34
B0006,137,1.5441,3.5106,-1.8108,34.5813,83.56,0.06639,0.12528,33
B0006,138,1.5205,3.4942,-1.8121,34.9812,82.28,0.06528,0.13196,32
B0006,139,1.5465,3.4772,-1.8146,34.8747,83.69,0.06618,0.12855,31
B0006,140,1.518,3.4773,-1.8119,34.3766,82.14,0.06688,0.12864,30
B0006,141,1.5255,3.4711,-1.8091,34.4311,82.55,0.06583,0.13282,29
B0006,142,1.535,3.472,-1.8013,34.5449,83.06,0.06661,0.12779,28
B0006,143,1.5112,3.4931,-1.8036,34.8014,81.78,0.06705,0.13246,27
B0006,144,1.5247,3.4887,-1.8194,34.2757,82.51,0.06623,0.12966,26
B0006,145,1.5225,3.4842,-1.8118,34.3909,82.39,0.06789,0.13105,25
B0006,146,1.506,3.4718,-1.8009,34.9054,81.5,0.06842,0.13491,24
B0006,147,1.4983,3.4886,-1.8185,34.6563,81.08,0.06749,0.13493,23
B0006,148,1.5013,3.4956,-1.8187,34.7034,81.24,0.06842,0.13596,22
B0006,149,1.5052,3.4846,-1.8015,34.6028,81.45,0.06815,0.13328,21
B0006,150,1.5047,3.4782,-1.8014,34.5991,81.43,0.06902,0.13527,20
B0006,151,1.4897,3.4811,-1.8059,34.8217,80.61,0.07032,0.13621,19
B0006,152,1.4969,3.4734,-1.8192,34.7314,81.01,0.0694,0.13418,18
B0006,153,1.5015,3.4748,-1.8174,34.6611,81.26,0.06802,0.13987,17
B0006,154,1.4761,3.4685,-1.8141,34.5864,79.88,0.069,0.1406,16
B0006,155,1.4932,3.4917,-1.8133,34.5729,80.81,0.06935,0.13509,15
B0006,156,1.4877,3.4886,-1.8056,34.5932,80.51,0.06935,0.13936,14
B0006,157,1.4763,3.4763,-1.809,34.678,79.89,0.07069,0.14116,13
B0006,158,1.4739,3.4761,-1.8031,34.7656,79.76,0.06979,0.14048,12
B0006,159,1.4724,3.4617,-1.813,34.8804,79.68,0.07075,0.13989,11
B0006,160,1.466,3.4784,-1.8158,34.9637,79.33,0.06803,0.1453,10
B0006,161,1.4549,3.4758,-1.8047,34.9259,78.73,0.06952,0.14441,9
B0006,162,1.472,3.4855,-1.8138,34.9053,79.66,0.07198,0.1449,8
B0006,163,1.4486,3.4657,-1.8029,34.754,78.39,0.07114,0.14569,7
B0006,164,1.4538,3.4689,-1.8029,35.1516,78.67,0.07053,0.14623,6
B0006,165,1.4564,3.4864,-1.8039,35.1548,78.81,0.06975,0.14518,5
B0006,166,1.4434,3.4682,-1.8025,34.6321,78.11,0.07166,0.1482,4
B0006,167,1.442,3.4869,-1.809,35.0545,78.03,0.0725,0.14746,3
B0006,168,1.4533,3.4461,-1.8063,34.6674,78.65,0.07308,0.14618,2
B0006,169,1.4405,3.4602,-1.8098,34.7959,77.95,0.07152,0.14634,1
B0006,170,1.4328,3.4572,-1.808,35.0351,77.54,0.07282,0.14923,0
B0007,1,1.8279,3.5171,-1.8068,32.8618,98.88,0.04378,0.06781,143
B0007,2,1.8441,3.5166,-1.8109,32.4136,99.76,0.043,0.06594,142
B0007,3,1.8456,3.5153,-1.8022,32.358,99.84,0.046,0.07183,141
B0007,4,1.8605,3.5311,-1.8139,32.8687,100.65,0.04405,0.0683,140
B0007,5,1.8489,3.5267,-1.8056,32.341,100.02,0.04307,0.06416,139
B0007,6,1.847,3.5151,-1.8137,32.526,99.92,0.04612,0.06693,138
B0007,7,1.8297,3.5239,-1.8198,32.8037,98.98,0.04518,0.06695,137
B0007,8,1.8237,3.5075,-1.8034,32.5291,98.66,0.0456,0.07059,136
B0007,9,1.836,3.5258,-1.801,32.485,99.32,0.04566,0.06711,135
B0007,10,1.8422,3.5107,-1.8151,32.6531,99.66,0.04603,0.07071,134
B0007,11,1.841,3.5329,-1.8127,32.7346,99.59,0.04601,0.06574,133
B0007,12,1.8242,3.5032,-1.8079,32.7257,98.68,0.04542,0.0679,132
B0007,13,1.8311,3.51,-1.8117,32.6303,99.06,0.04737,0.06819,131
B0007,14,1.8379,3.512,-1.8071,32.7416,99.43,0.04787,0.07069,130
B0007,15,1.8284,3.5309,-1.8102,32.6106,98.91,0.04527,0.07107,129
B0007,16,1.822,3.5049,-1.815,32.5448,98.57,0.04596,0.07301,128
B0007,17,1.8209,3.4915,-1.8047,32.9473,98.51,0.0469,0.06834,127
B0007,18,1.834,3.5138,-1.8017,32.5402,99.22,0.04705,0.07279,126
B0007,19,1.8145,3.5237,-1.8195,32.615,98.16,0.04687,0.0726,125
B0007,20,1.8188,3.5128,-1.8006,32.9385,98.39,0.04769,0.06671,124
B0007,21,1.8094,3.5161,-1.8087,33.1048,97.89,0.04627,0.07067,123
B0007,22,1.8259,3.5158,-1.8017,32.8589,98.78,0.04769,0.07308,122
B0007,23,1.8097,3.5224,-1.8168,32.7435,97.9,0.0477,0.07358,121
B0007,24,1.8082,3.5164,-1.806,33.234,97.82,0.04652,0.07402,120
B0007,25,1.8104,3.5337,-1.8176,32.4854,97.94,0.04801,0.07007,119
B0007,26,1.7945,3.5074,-1.8063,32.8518,97.08,0.04708,0.07618,118
B0007,27,1.8172,3.5084,-1.8056,32.672,98.31,0.04911,0.07153,117
B0007,28,1.8023,3.4981,-1.8145,32.6098,97.5,0.0498,0.07113,116
B0007,29,1.7913,3.5221,-1.812,32.8196,96.91,0.04874,0.07586,115
B0007,30,1.7972,3.5162,-1.8007,33.272,97.22,0.04822,0.07618,114
B0007,31,1.7868,3.5134,-1.8104,32.7103,96.66,0.04948,0.07437,113
B0007,32,1.795,3.5058,-1.8096,33.1383,97.1,0.05021,0.07815,112
B0007,33,1.7942,3.5154,-1.8146,33.1564,97.06,0.0509,0.07218,111
B0007,34,1.7815,3.5112,-1.8076,32.973,96.37,0.04995,0.07979,110
B0007,35,1.7748,3.5168,-1.8066,33.3117,96.01,0.05183,0.0712,109
B0007,36,1.7932,3.5345,-1.815,32.8793,97.01,0.05209,0.07808,108
B0007,37,1.7853,3.5248,-1.8191,33.2338,96.58,0.05193,0.08027,107
B0007,38,1.7797,3.5066,-1.8064,32.9976,96.27,0.04951,0.07704,106
B0007,39,1.7752,3.4968,-1.8181,33.2502,96.03,0.05136,0.07767,105
B0007,40,1.7755,3.5048,-1.8102,33.2251,96.05,0.05174,0.07996,104
B0007,41,1.7738,3.5157,-1.8114,33.0494,95.96,0.05261,0.07803,103
B0007,42,1.7641,3.4985,-1.8141,33.2649,95.43,0.05055,0.07953,102
B0007,43,1.7657,3.5222,-1.8004,33.4626,95.52,0.05358,0.08213,101
B0007,44,1.7772,3.5083,-1.8017,33.0235,96.14,0.05385,0.0825,100
B0007,45,1.7643,3.5224,-1.8035,33.5132,95.45,0.05182,0.08065,99
B0007,46,1.7538,3.4908,-1.8191,33.7005,94.87,0.05341,0.08218,98
B0007,47,1.754,3.5024,-1.8127,33.2296,94.88,0.05303,0.08442,97
B0007,48,1.7466,3.5018,-1.8046,33.2074,94.49,0.05462,0.08228,96
B0007,49,1.7378,3.5152,-1.8053,33.3424,94.01,0.05296,0.0817,95
B0007,50,1.7456,3.5083,-1.8164,33.3248,94.43,0.05497,0.08195,94
B0007,51,1.7492,3.5144,-1.8028,33.5573,94.63,0.05469,0.08549,93
B0007,52,1.7478,3.5017,-1.8007,33.7513,94.55,0.05161,0.08608,92
B0007,53,1.7256,3.4947,-1.817,33.4302,93.35,0.05423,0.08512,91
B0007,54,1.7377,3.5106,-1.8196,33.3122,94.01,0.05503,0.08513,90
B0007,55,1.729,3.5082,-1.8086,33.8377,93.53,0.05659,0.08817,89
B0007,56,1.7215,3.5165,-1.8065,33.1744,93.13,0.05444,0.08526,88
B0007,57,1.7299,3.5078,-1.8129,33.7353,93.58,0.0551,0.08896,87
B0007,58,1.7394,3.517,-1.8004,33.7214,94.1,0.05478,0.08948,86
B0007,59,1.7197,3.4898,-1.8086,33.5869,93.03,0.05621,0.09129,85
B0007,60,1.7197,3.5072,-1.8121,33.6224,93.03,0.05584,0.08862,84
B0007,61,1.7245,3.511,-1.8104,33.7057,93.29,0.0553,0.0932,83
B0007,62,1.7183,3.5038,-1.8019,33.8129,92.96,0.05598,0.09111,82
B0007,63,1.717,3.5052,-1.8017,33.7911,92.88,0.05485,0.08965,81
B0007,64,1.7098,3.4924,-1.8047,33.6973,92.5,0.0571,0.09068,80
B0007,65,1.6868,3.4902,-1.8007,33.8496,91.25,0.05695,0.09089,79
B0007,66,1.7038,3.4852,-1.8146,33.646,92.17,0.0571,0.09332,78
B0007,67,1.6976,3.5103,-1.8001,33.4717,91.84,0.05663,0.09069,77
B0007,68,1.69,3.4972,-1.8195,33.7248,91.43,0.05601,0.09124,76
B0007,69,1.6799,3.4988,-1.8017,33.6648,90.88,0.05658,0.09393,75
B0007,70,1.6953,3.5036,-1.8151,33.9768,91.71,0.05829,0.09755,74
B0007,71,1.6859,3.5067,-1.8148,34.1559,91.2,0.0573,0.09429,73
B0007,72,1.6779,3.5035,-1.8187,33.3724,90.77,0.05912,0.09506,72
B0007,73,1.6739,3.5138,-1.8147,33.6867,90.56,0.05838,0.09187,71
B0007,74,1.6771,3.509,-1.8158,33.8192,90.72,0.05705,0.09629,70
B0007,75,1.6909,3.4893,-1.8195,33.9141,91.47,0.0601,0.10029,69
B0007,76,1.6668,3.5134,-1.8198,34.2134,90.17,0.05803,0.09864,68
B0007,77,1.6595,3.4795,-1.816,33.7882,89.78,0.05963,0.0982,67
B0007,78,1.6743,3.5066,-1.8064,33.4748,90.57,0.05949,0.10391,66
B0007,79,1.671,3.5092,-1.8165,33.9715,90.4,0.05923,0.09947,65
B0007,80,1.6858,3.4947,-1.8113,33.795,91.2,0.05824,0.09714,64
B0007,81,1.6588,3.4978,-1.8119,33.8537,89.74,0.05998,0.1035,63
B0007,82,1.6551,3.5033,-1.8092,33.7778,89.54,0.06158,0.09657,62
B0007,83,1.6606,3.4998,-1.8133,33.6926,89.84,0.05859,0.09978,61
B0007,84,1.6576,3.4993,-1.8183,33.81,89.67,0.06064,0.10304,60
B0007,85,1.6392,3.4858,-1.8008,34.2152,88.68,0.06188,0.10679,59
B0007,86,1.6319,3.4887,-1.8064,34.2266,88.28,0.06223,0.10592,58
B0007,87,1.6244,3.4839,-1.8025,34.145,87.88,0.06213,0.10326,57
B0007,88,1.6388,3.5001,-1.8124,34.1273,88.65,0.06408,0.1076,56
B0007,89,1.6243,3.4769,-1.8197,33.7753,87.87,0.06254,0.10615,55
B0007,90,1.6286,3.4897,-1.8174,34.1859,88.1,0.06049,0.10938,54
B0007,91,1.6222,3.4821,-1.8139,33.9952,87.75,0.06272,0.10873,53
B0007,92,1.6197,3.494,-1.8044,34.1637,87.62,0.06291,0.11048,52
B0007,93,1.6193,3.4978,-1.8001,34.214,87.6,0.06236,0.10912,51
B0007,94,1.6102,3.4981,-1.8023,34.2797,87.11,0.06434,0.10868,50
B0007,95,1.6164,3.486,-1.8039,33.9229,87.44,0.06361,0.11322,49
B0007,96,1.6145,3.4948,-1.8017,34.0368,87.34,0.06339,0.10888,48
B0007,97,1.6074,3.477,-1.804,34.1686,86.96,0.06538,0.10746,47
B0007,98,1.5927,3.4972,-1.8142,34.1283,86.16,0.06366,0.11114,46
B0007,99,1.6085,3.4941,-1.8005,34.4203,87.02,0.06355,0.1149,45
B0007,100,1.5727,3.4939,-1.8106,34.2722,85.08,0.06367,0.11242,44
B0007,101,1.5841,3.4942,-1.8045,34.1918,85.7,0.06413,0.11532,43
B0007,102,1.5942,3.4927,-1.8175,34.4173,86.24,0.06298,0.11251,42
B0007,103,1.5847,3.4954,-1.8113,34.2827,85.73,0.0654,0.11379,41
B0007,104,1.5863,3.491,-1.8038,34.1832,85.81,0.06456,0.11344,40
B0007,105,1.592,3.4827,-1.812,34.4428,86.12,0.06749,0.11495,39
B0007,106,1.5674,3.479,-1.8027,34.2816,84.79,0.06543,0.11686,38
B0007,107,1.5775,3.4804,-1.8145,34.5553,85.34,0.06393,0.12063,37
B0007,108,1.5754,3.4885,-1.8031,34.3602,85.23,0.06693,0.11747,36
B0007,109,1.5687,3.4866,-1.8014,34.4326,84.86,0.0658,0.12307,35
B0007,110,1.5699,3.486,-1.8011,34.1981,84.92,0.06629,0.11907,34
B0007,111,1.562,3.4809,-1.8166,34.2682,84.5,0.06574,0.11962,33
B0007,112,1.5588,3.4902,-1.8012,34.449,84.33,0.06714,0.12237,32
B0007,113,1.5602,3.4815,-1.8135,34.4491,84.4,0.06787,0.12487,31
B0007,114,1.5553,3.4879,-1.8179,34.6914,84.14,0.06846,0.12226,30
B0007,115,1.5357,3.4919,-1.8051,34.2774,83.08,0.06828,0.12716,29
B0007,116,1.5324,3.493,-1.8056,34.6809,82.9,0.06853,0.12388,28
B0007,117,1.5373,3.4795,-1.8134,34.4922,83.16,0.06906,0.12486,27
B0007,118,1.5271,3.4834,-1.8057,34.7749,82.61,0.0687,0.12726,26
B0007,119,1.5358,3.4748,-1.8199,34.948,83.08,0.06844,0.12972,25
B0007,120,1.5192,3.4735,-1.8068,34.5061,82.18,0.06933,0.12731,24
B0007,121,1.525,3.4838,-1.8185,34.4379,82.5,0.07002,0.12472,23
B0007,122,1.535,3.5011,-1.8095,34.4837,83.04,0.07022,0.12996,22
B0007,123,1.5244,3.4782,-1.8146,34.5372,82.46,0.06888,0.1282,21
B0007,124,1.5073,3.4755,-1.8021,34.3305,81.54,0.07028,0.12972,20
B0007,125,1.4958,3.4731,-1.8087,34.8296,80.92,0.06963,0.1304,19
B0007,126,1.5076,3.4631,-1.8087,34.4971,81.56,0.0726,0.13412,18
B0007,127,1.5006,3.4838,-1.8022,34.4322,81.18,0.07111,0.13334,17
B0007,128,1.4989,3.4783,-1.8018,34.9573,81.08,0.07149,0.13371,16
B0007,129,1.4964,3.458,-1.8057,34.3874,80.95,0.0712,0.13349,15
B0007,130,1.473,3.4825,-1.8064,35.0064,79.69,0.07087,0.13342,14
B0007,131,1.4878,3.4671,-1.8149,34.5253,80.49,0.07243,0.13853,13
B0007,132,1.4781,3.4849,-1.8122,34.7757,79.96,0.07058,0.13287,12
B0007,133,1.4844,3.4606,-1.8054,35.0388,80.3,0.07447,0.13841,11
B0007,134,1.4711,3.4767,-1.807,34.6664,79.58,0.07309,0.14308,10
B0007,135,1.48,3.483,-1.8059,35.0416,80.07,0.07073,0.13967,9
B0007,136,1.4703,3.4653,-1.8031,34.7121,79.54,0.07318,0.14053,8
B0007,137,1.4708,3.4637,-1.8126,35.0678,79.57,0.07307,0.14219,7
B0007,138,1.4551,3.4682,-1.805,34.6517,78.72,0.07218,0.14318,6
B0007,139,1.4574,3.4815,-1.8134,34.6551,78.84,0.07376,0.14318,5
B0007,140,1.4584,3.4995,-1.8089,34.5396,78.89,0.0738,0.14466,4
B0007,141,1.4506,3.4731,-1.8102,34.9227,78.47,0.07419,0.14581,3
B0007,142,1.4529,3.4811,-1.8196,35.1704,78.6,0.07412,0.14548,2
B0007,143,1.4552,3.4652,-1.805,34.8004,78.72,0.07513,0.14488,1
B0007,144,1.4419,3.4721,-1.8071,34.7705,78.0,0.07264,0.14587,0
